vidid, AestheticScore
_nbtt8c9sv8, 5.364885242423043
vng6mz0t9oy, 5.24688355793478
_r6i-slm9yg, 5.486760539235547
j2hyeilftrs, 5.0189864102285355
ann2z7uzo9k, 4.870750891044736
xlk2cponc4u, 4.43282096949406
bx0kxcv9f3u, 4.919373438693583
8at0ue-4kni, 4.133084428845905
c1pmvjku_va, 5.150857335422188
bgfeq2dv1l0, 4.843759706942365
ovhtz_xd-tc, 5.522888195118867
yja4jrkl4iq, 5.174353071430232
awmjhcx2ihg, 5.0276469646487385
szjbcm9c9ge, 5.068810489261523
6yrf8fsjexq, 4.728702045744285
jywvqi1in5q, 4.971883401274681
vc3qagqjw8o, 5.1474707127781585
zcnhhmyahnc, 4.950244860723615
rkjovflet48, 4.8950977199710906
ei9-m6nqbu4, 4.6304881224932615
do_fsmyj15k, 5.033716926118359
ghqm1een2og, 4.905834449687973
ac6sve0ssqi, 4.800667162053287
tzbnie3c_ny, 5.402339169755578
pae-8rqtimy, 4.90842099674046
_wngpfhpilm, 5.080474294605665
xd6kgorxydy, 4.550442868843675
7sj6gpk3ab4, 4.794292012695223
mcl6tnqdp4k, 4.335739243775606
qephc1th3_w, 4.729400458163582
ph0uler9s08, 4.799399316310883
plrdq4s-ds0, 4.123910914058797
35cz8xx_3-y, 5.114677511504851
mcdxrptk5qo, 4.565682775806636
6ul6gbmdwkw, 5.37337459018454
ffwa0qfmpq4, 4.948393473401666
b19nlhba7-e, 5.079591084271669
-wv1pzd2abi, 5.020448969677091
o8jgsbdy1xi, 4.682558858534321
bdfz6i_c1h8, 4.965069545782171
9vjqtwk_qvu, 4.603282202035189
uwjc70rudfa, 4.448246157960966
a_svo_tmbwk, 5.091016570921056
8ciq8f9xc70, 5.607026336016133
0yaxpykcdmq, 4.970845165778883
qamkl1co_rs, 4.912246726918966
-eztgsa5iua, 4.680979987140745
flk6ajbsasm, 5.290149157866836
ajzo3gr1uzu, 5.359155821497552
_j-vqbqesow, 4.683430255507119
8hzxew2hw30, 5.122947531053796
ve53m3qjtzs, 4.291152423480526
zgjnffkqfr0, 5.037970435805619
dtwcmx0jtvs, 5.003564103477402
hhigvmgghna, 4.635525669902563
3oprdaw16oy, 5.052306292112917
rthcj0msjgi, 5.088345745112747
ex2-fejgbwi, 4.727440565242432
gghy71rhki4, 4.8330088686198
t5ulkkqvh74, 5.289339377079159
xriba72qdky, 4.870290903374553
xohhftoohq8, 4.926651807036251
nwvjijfy_oq, 5.19139514118433
ehprvfximd8, 5.12202723370865
odw7vhyysdm, 5.256792141357437
pdzqgsh7hai, 4.435828966554254
_uhrsy-tnq0, 4.990056886570528
dowdnbu9dku, 5.253370757796802
y6ipdgipaag, 5.461425753775984
8hefijlcfbs, 5.20424507255666
hbvqd1gvxeg, 5.136201506480575
_t48shthw1g, 4.871797773055732
ahiickeepus, 4.984556835144758
ytgieknvnk4, 4.889627773314714
edrloa1zhqy, 4.589993482688442
dt-5ll5xyom, 4.413142665405758
ibfmdtodv5c, 4.975474342296366
ibob-ws19ye, 5.145141556975432
ckws4nfgggc, 4.39776619663462
nzx8docrypa, 4.5975955235771835
dg99wyyprt4, 4.711318830493838
-agz9brcjbi, 4.7503601629287004
wiiqlkytp_i, 5.027229876257479
mjqhoaz3rs8, 5.423846187070012
uz8w3jsunli, 4.759084474295378
zc6jpnngyko, 4.55546778277494
fglwaeayny8, 5.130089049693197
ejs7bjhiyuo, 4.978846012614667
h0vnh5jnvhi, 4.288845027796924
ufzfrwvqakq, 4.405932800320443
vnkq8wiolfc, 4.90953400824219
ejnxfr9wevu, 5.3222125908359885
upllhkact_0, 5.110233045183122
cfqqribb0jc, 4.796833219006658
o3zu1lf_dl4, 5.390345846069977
cigmkmsnao8, 5.4236512064235285
39vtauquwem, 4.580061577842571
hf273ucvhve, 4.0226950333453715
vsreidhrxb4, 5.3551908530062065
xiqp1gp38uq, 4.7803729984443635
pptbk3rv9ac, 4.975654684007168
2j7epckqmly, 4.700399693567306
btuvh07org4, 4.713878620648757
kuzsr1odeiu, 5.247045823838562
e6qts1ldl74, 5.062965419143438
ct3afssstno, 5.004757856018841
bxukvmyu2oi, 4.661457527428865
p9faxuhxey0, 4.507892589084804
ozllpwgbx8k, 5.10461982479319
hpykdcirgwc, 5.036273451871239
rpkc76lmabo, 5.088172325631604
lwv44xmplym, 5.026589232264087
2g3iegrr0is, 4.5528128976002336
oiat0ymtbbq, 4.699131106957793
9mwxltgubwy, 4.502386974869296
h0lwh26swe4, 4.514546679332852
tyriskpijjw, 5.321148542439914
hwibnrrpcti, 4.932355658849701
xiyi5piuz8y, 5.148476858390495
7sta-tiqajq, 5.31342087459052
gak0gi2vcjs, 5.005176648264751
anydinneb_8, 4.74426089040935
8bzpy4s9kns, 5.175291258114157
wdbmbnpi4uu, 5.113490683957934
fyoyb4xmzmg, 4.392844774760306
7iiz8wgemfi, 4.808973655104637
-w6peafqtvi, 5.291179537773132
gv9pxrvxjak, 5.176299238577485
uwuhkcgslne, 5.269608557457104
xj8jtf6a6ii, 4.725628524087369
jbfcpobwp1i, 5.118351397104561
x45mipsyy2a, 5.110197045258246
mhlh7rzhfci, 4.940331630408764
8qrng_mwg-c, 4.308267928863643
gx3kv42qxs0, 5.27515777782537
fcxjwa4c4cw, 5.279318926855922
b1x_hzmjods, 4.3773139007389545
myrkdq8dvec, 4.901249619200826
rzcrsoducxe, 4.975691161584109
zhntkeitdco, 5.413893460849067
gl3by6vme4w, 5.064789973315783
im5-epvswo8, 4.985689804889262
-egjko2x06m, 5.175846731057391
yd_9aj10egy, 4.196217124233954
eigjt5nyjjm, 5.164563342928886
lmekozgupm8, 3.9604933490627445
wd3zfjbkip0, 4.463363035116345
h40oqcbtha8, 4.978502544108778
hwzkgmnoysy, 4.888724421616644
qpp0salnzf4, 4.824968421133235
9psr_lniu6e, 4.872094233520329
qkwj0fyrhx4, 4.488519347272813
ssrlgrnpfvi, 4.2448437456041574
lu0_ltxhics, 5.194683522218838
w6mrkmbn7kk, 4.543742962065153
pmfrn8mm1tq, 5.302168702939525
oxisa1oex7k, 5.220029802410863
m9z0q9d46ww, 4.9361761920154095
q-1dojmehqm, 4.650614473968744
w3s1awgu1-m, 5.13837729813531
rar7nzd0nyi, 4.6205756143899634
jvxigumux5a, 5.106274427336757
1zmceedtuw0, 5.181136137805879
qpe006w9v4u, 4.909447347803507
nc1-6e4vmmq, 4.732042353600264
ntmdg8yvs0s, 5.342238163109869
a2im73xnai4, 4.602509923279285
ie7majx_hxo, 4.699392208480276
7quq9ncmyuy, 4.997067582444288
7z0wtothl3c, 4.190130206756294
pcl5xv0iolc, 4.705000869231299
aeoi1zw6_na, 4.768876798450947
cikay8_cwfi, 4.945295692421496
zij5uf_nqoo, 4.637031389400363
1bbrpae9biu, 5.29324995726347
2-nkbixgiym, 4.739591935649514
09k9rj6nme8, 5.166747264098376
oiubbvnsmk8, 5.242144458403345
azzpz8fguai, 5.279186854604632
4kvesol6fdy, 4.893569714389741
jdtsrqaxntk, 4.794787748367526
jtw0hz6tflo, 4.438343713991344
nyszqwko-pe, 5.159996528644115
slucmzjdxrk, 4.94625286385417
fens3b7sxno, 4.932151705957949
lynek5wbjww, 4.786941980011761
yfnsqhlhjao, 4.911386798135936
vmzubj8opbm, 5.2662718230858445
0bveumpnp9q, 4.593769850558601
ybftdi5qffe, 5.073485480621457
nvqerfg-b4s, 4.525590195553377
btjjp4nl6qw, 4.3770701116882265
bgv26ol51um, 5.3383635971695185
rjqpqkepxam, 4.358974751550704
k3cpwbdeuxi, 4.523106212262064
zxpr7kdjgjo, 5.3635274935513735
bhdnczj5ske, 5.101072927005589
sfgkmfvqzji, 4.896780727838632
7bz-ahjq6fw, 4.932033549295738
eijnq6um8s4, 4.982504560146481
w6dwmilvfug, 4.393706256378209
rfdvkfrocvw, 4.692086084280163
n9u6a6oi-b4, 5.240578248980455
7941ruh3kwy, 4.535836186958477
vbvrmz-wlui, 5.04706534743309
o9vr-vzwctw, 4.374231835827231
z7bwplxo6u8, 4.391468677320518
7vzzmehv3re, 4.6535337208770216
3mjq4yz8bhk, 4.969784053042531
sb9s3xwjrae, 4.475956639274955
eay-dcfdhig, 5.093280688743107
has4hvnpleu, 4.545273226685822
9audr9ryina, 4.9522908652506885
tbind2v-ine, 4.852995589375496
sm7t5g2u_jm, 4.682284636422992
clkn5okf4ha, 4.3973019402474165
fga9gtz4u4y, 4.524311644723639
wvimvgja_wi, 4.730519359000027
ktwo6jcicus, 5.095306637696922
6tsfchstj1a, 5.326890165917575
ljgjnyytmt0, 4.72911912703421
ovdwykny_di, 5.320136715192348
zachvvtj0uu, 4.5119838552200235
vouwmf2zwta, 5.046054492238909
z7veiyn4lqu, 5.261825816356577
0cldwthzkre, 4.644035057164729
iffvwe0qs6k, 4.908584266901016
fdxrqxcxz9i, 5.151654730550945
g35v7zey4mq, 4.700449489755556
vgrpkarcla8, 5.068131359992549
_s7o66tsndo, 5.295781231252477
qerh8naimjk, 4.236782952793874
ni4rru3wqs4, 5.104287207126617
xhcebfl9zxa, 4.4666149858385324
8rwhfhqjbr8, 4.549675825517625
z5iy_8jxlc4, 4.788364142179489
eq_8f4nzyiw, 5.353780830220785
qazh0oaqgsg, 5.133692136732861
oolznpyiqlg, 4.849216803908348
d0e_fjr7cuq, 5.294356284081005
2ueuhaq7jeu, 4.770528864348307
95noasrbg_k, 5.53541462123394
nw32y5_pr-e, 4.556627029553056
ljv6zt21fos, 4.243267334997654
ivoiqzfxblm, 5.400523162912577
42q5qrwcj9o, 5.165803649928421
opmzgbvjswg, 5.257442407310009
2laqcjf-th0, 4.997821392025799
ihskzxwvo3m, 5.426527081755921
wepd-xlnozi, 5.0769316758960485
xzvw8thbepi, 4.782194677507505
ixrv6mczubc, 5.118278646841645
ypreun_broe, 4.139987751143053
7gm1amzlf38, 4.346091248560697
dfeww95coak, 5.085457750596106
qnlvzprofym, 5.010616650804877
fzp-l4c2mry, 4.572027439251542
g12reu1pcfm, 5.131250620004721
0yoayuyd2-s, 4.966364880092442
5dxquu95m-q, 4.527643274515867
dqskxopesna, 4.591139325872064
gysfiedmp-m, 4.908294157823548
mml2cxw392u, 4.947549534030259
lqgcvtvvq_0, 4.96119331906084
zg47ayjg0vs, 5.253150254720822
62zrpjkhox0, 4.847250387072563
hqodjnadwno, 5.126054235501215
c65rerietya, 4.348765078699216
w3oqkdatpqs, 5.1584560931660235
jyf7nr-9xp0, 4.249826059909537
wjzct7dhvjk, 5.219508689478971
o9su7nhmf5s, 5.172840054845437
mf4icrlfcjk, 4.8841678043827415
vac8zxpg9hs, 5.184988643042743
vgwk9ikxkz0, 5.103447705914732
phfjboggrns, 5.365657361689955
uu8jhwhtqhs, 5.098446638090536
dgkxa5hyoeq, 4.740882136509754
qmm3tpbnen0, 5.210730346589116
wwd0b0tmxag, 4.694599533919245
bb2g_ioctuq, 5.147229611873627
zilbpza2tno, 5.073408386204392
rqz7_f6jopq, 4.413075968855992
tkurwicxnhc, 5.000685990264174
83lvedxkxuy, 5.049947667401284
lkzcshfvxuo, 5.232578646624461
vkk5innxfes, 4.814082240685821
n3ymxqj5xvo, 4.572680483106524
qrub48zdcwq, 5.403733397775795
pgrlwjbna94, 4.6109764070715755
ibkpofivg4y, 4.454307609819807
bgbh4pb9z4q, 5.48721377106267
nklnbsajcjq, 4.820896720746532
jjl0xonbaac, 5.306038405164145
b8jgxrcygnq, 5.146380213089287
rdui39isakg, 5.2227599043399096
n1fvyw3wnoi, 5.123589551541954
miyuvbjkack, 5.021675060270354
9nzcwa4b_ra, 4.9768342967145145
3lhkgtage68, 5.1615652434993535
rziejvgiyjk, 5.157458274275996
a38idpglgl4, 4.757124090654543
o2y18p3tcjy, 5.235787546727806
6yasv2x2iec, 4.814750564284623
n-ynanu4foo, 5.251376738538966
f87sow0v1rq, 5.3347429521381855
wb0mpodepug, 5.222968780901283
noae9unq9ps, 5.096327765029855
bjkasd7bevy, 5.148115765769035
jwql_gmxy-o, 4.425635909894481
hqrazh8w-wm, 4.948998910374939
v5pypw35z00, 4.569834521738812
texl766bu44, 4.96254170127213
h2x1sad8a4w, 4.86318987980485
liphu58cwri, 4.514848018065095
fz4gqz-hdqu, 5.090094603947364
sqhnlc8ozu8, 4.855735372577328
aevpz4h38r0, 4.614666766952723
xxaeotxudsg, 5.344793539727107
alpzexerfx4, 5.3177909245714545
n3fvvwvmnbs, 4.6471924423240125
g_1ut_fie-4, 5.1318135797046125
bypwce9q6ag, 5.1860154325840995
cb7vk1syk94, 4.863732810423244
-dpqjuvpqte, 4.920962052419782
2blu1jiqvf4, 4.726378669962287
eitrprrfmka, 5.250398700824007
migxbntw8z8, 4.632908653176855
jrpgvaaebve, 4.858652136055753
5kuhd7mbnuq, 4.871322133229114
hjsdefyinay, 4.538087888620794
eiaypollc_u, 5.305703824386001
ectkftaajsg, 4.516117084538564
8zt6voljhu4, 4.988355522975326
ourhs4du4na, 5.265719965274911
x3o71w4unhc, 5.257197428029031
26dqat68css, 4.854224604088813
1xs0qezqscc, 5.131384682841599
y9_2bmcaepk, 5.35210338095203
ecd6ahmihoc, 5.6123110158368945
rdbxtq-ah6o, 4.898323666770011
vz_2z2nhhau, 5.253049785154872
yiq8ov82v_a, 5.0307380724698305
lma8n_z4oe0, 5.021226306445897
tui1y_d1bl4, 4.983228422701359
qu_-omvwe50, 5.003170382697135
kybts_2jima, 5.1599031096557155
zmcekkpal_o, 5.136195918545127
nkab_n5cuvm, 5.153466010931879
iewsyjhfpao, 5.075491436757147
60z9ybv9ksw, 4.355821342207491
dci1oelfwuo, 4.9937549530295655
2crnpy-7q_i, 5.031951557612047
0seppnmg-sm, 5.4423982398584485
i7e4wsxsmom, 4.878909977618605
8yjaegn_pau, 4.611733131343499
o92qjcmqclu, 4.903046673163772
eduv9flnnn4, 4.421446098014712
acdnyiodo-k, 5.264162280363962
drz1sopdc6m, 5.314052212168463
sax2-sgbc9w, 5.099345226073638
fjgeybpf0z8, 4.794008169323206
0kng-9_bwkg, 4.445672536036
p4ckdoa-nd0, 5.096121961250901
2pivummnhjm, 4.445182429393753
vpngsw75vrk, 5.190759310266003
lyavcfplx8u, 4.611801130929962
dyqxmvsu4-4, 4.279094594530761
zykreq_gknk, 5.0829509468749166
bygqhpalgui, 4.991577526554465
x2slr-brpus, 5.358925921842456
cets2gqvz_w, 4.863690730184317
xe9taknugw4, 5.550136511563323
bny7rdfjyla, 5.362611678894609
_kmvcrup4q4, 4.757809311384335
le0ztm0hpiy, 5.328088560607284
mi0yps29oj0, 4.741817654110491
kr8b5qsrqx8, 5.511031560134143
jzwbwqtpejw, 4.2484270464628935
c_sidk6tw_k, 4.794651430100203
odqicb-dme8, 5.130531748291105
6mdwuuel0ky, 5.001569335348904
9x6yowr7lsk, 5.361942506860942
fp2m_8o9-uo, 5.2825072961859405
yu9hou3_twe, 5.074374720919877
e3d9o3zlxlw, 5.165003892034292
i2wliywg7ny, 5.006619123741984
d7irih-zkm0, 5.133709332672879
ngxxhs-al5g, 4.65165657363832
7loe5hj0p5w, 4.290950049296953
qmof0crdyru, 4.961516102775931
zf5a_n94hwi, 4.239829853177071
juv7g0l7t6c, 4.992843151092529
cjd9-pbrlsg, 4.6179742304375395
tfaxsadj4e8, 5.233267659321427
wvmn7z3ysps, 5.2008698142599314
lvtqbm5dq4q, 5.0025293454527855
bqd0ckkyrye, 5.157164101139642
s4w62hbs_ta, 4.830587204545736
kwqutvssbug, 4.187615652568638
xb65-hz-rkq, 4.998128607869148
49yxr5uvdfk, 4.57802771194838
odnuiohkntw, 5.113918439717963
fgmbtex4bxc, 5.594033038476482
rr4fhsimfzo, 5.025809718063101
vaojltgbukq, 4.565125808294397
22v__7hsswy, 5.478056039661169
c_5buzbxivy, 5.331807430135086
nr5xb-qcbga, 5.194682826986536
nsnyl8llfh4, 5.254180301446468
5ltn5mxhsv4, 4.77433895599097
bsi1srmyyqc, 5.177271475084126
yqcxefhdwpa, 5.17265492270235
ypaeuq9y_7q, 4.643070006277412
gpyhaoqqwn4, 4.464013025863096
cxf5ppym1rm, 4.321959673659876
6myunwxmzpu, 5.336427059024572
1igjb82ezmc, 4.436669944378082
1rlwvzvwfdy, 5.242243442218751
3omk4rfza3m, 4.480195169802755
i29d_beoeum, 5.07872384483926
sszjk9tinqu, 5.214018199592829
lmtmbhpipmg, 5.108802397502586
syir-ib7pzw, 4.707036129198968
u6rgcevqpy8, 5.299982022959739
law5fqkl-fo, 4.918364777695388
l66c933je4m, 5.018561277771369
kedce2noqem, 5.056427618023008
sngomrq3gdi, 4.779195070266724
apijg2mvbvq, 4.792786643840373
__tmqemhay0, 5.3430606698966585
qfs4onngo8g, 5.375512747792527
l5aff7v_jrg, 5.088709639385343
lmldyb2vkm8, 4.799946935032494
qlygzmsnisk, 5.339901175815612
myrfvd_skcw, 4.870194951072335
ksqhjhoevls, 5.418570692650974
_x5v9aglviq, 4.568018177291378
krlwi2iv7x8, 5.327792099444196
bedmgqn8n0o, 4.747237083502114
bosq8m21olo, 5.2167613711208105
o9s1idphk5u, 4.888406250393018
h60tlmn6tge, 5.3631468042731285
yt6ygf_sams, 5.13483227416873
ee3tz3fu2za, 5.162804473657161
i-frp3dk2tm, 4.80906131491065
lmhsv091et4, 5.0886030902620405
szsynankp3o, 5.062160728499293
7h8dxef878m, 5.079593620495871
g5-0kap06ic, 5.078147164778784
pdu1e6s_gww, 4.532683107070625
4xrl_k5pjii, 5.190903635579161
d9b_y0eykaw, 4.389503208221868
wkzacpcakeg, 4.397145014896523
mpvnklxmiww, 4.54818698996678
dqnskjq9ahi, 5.068859068676829
fwt5k-mzn48, 4.560519327525981
b5pgvzuee1o, 5.384253101423383
zcdc7om3hau, 5.3662080354988575
uyutf-xlel8, 5.007527085021138
fem4flc2n4a, 4.846246418077499
3w-w__97nti, 4.884234054712579
h1unflx3xxe, 4.710780240129679
kdj6ubhn-mo, 4.398512875661254
c67xj5zzbky, 4.622469597496092
kk7g0dy_zrw, 5.196831900626421
8i9qzdwthhc, 4.618975318968296
kwrpo-ewqrs, 4.956290547270328
z68vta3n5kg, 4.903724037925713
oj1qualw1_y, 4.343740643933415
ijjrckcyk1s, 4.674090125598013
qmwr7_2f9wq, 5.09928804077208
my5-wutc5ws, 5.263002109713852
zgtbvyofdgq, 4.9213456977158785
ngrwajbgqe8, 4.825518471188843
yyxptpj1cgs, 4.984924920718186
tutpouh8hlm, 4.3286844291724265
urkyu5xjt3s, 5.22713858820498
tiaqa8pp4kg, 5.214809003926348
zr359aiju2q, 4.976329353637993
rmaehohahp8, 5.140856174286455
a9y7ajkfq4s, 4.518290003645234
xyy2lix_38q, 5.016961200220976
sku-ioczuho, 4.51911748200655
woqksoi66pe, 4.816469386219978
ndzfbms7upu, 5.05174052156508
a3p1qiqgtrw, 3.3854159930488095
nzmmuv0ltyo, 5.077895958442241
lrvcjnl7fo4, 5.208828305476345
lbjncv_xfli, 4.814666144549847
npbixmc7dlw, 5.0290882252156734
vuag4veup0g, 4.225860844366252
rg9pctmokom, 4.750669011846185
zujxb0kqvay, 5.3997213372495025
lvxswj9h7r4, 4.876169184921309
zwmqs98ua4m, 4.77405384555459
zjoj9xqwnua, 4.928333191201091
kocrunmjlrq, 4.363017544616014
-nn_m2ykaak, 4.748790416866541
ucxjvoonubo, 5.326805168297142
1tky5s7gej8, 4.166847943793982
roay3yfr63a, 5.552024541422725
m4o3e1yjvp8, 5.487485409830697
qlfiqoiekpy, 4.894778317771852
zz5lgkddk78, 4.997152537340298
rytt3yie0sa, 4.918356270994991
s7mnx_ud7vy, 4.931349428370595
mqvjlo8apjc, 5.438249844795791
e5vztmvfafw, 4.993752727750689
vaxns8ccd2k, 4.949228254146874
uz66ptmjptg, 4.948197665158659
fod5bsd2gco, 4.877294912934303
s7vmopas0mm, 5.245691636111587
5ina6ob-zw8, 4.864458207041025
wkrexnjf2hk, 4.929028966464102
oijg_0qs228, 4.869374134577811
i2lardq23di, 4.707048460841179
vm6_6z-tcba, 4.475793622434139
peean0zateu, 4.481394205940887
pakcmxar72c, 4.727074020542204
mwdlknswjgg, 4.322353665251285
shu8kfsy7je, 4.7215880691073835
mmn6qa8e3vq, 4.794768874067813
llffu2d1lqu, 4.860957912169397
6j-ltcpllyk, 4.8253174759447575
7yctpdpehti, 5.129433237481862
p-9mifdjr3i, 4.902849011588842
k0tmi8ck1_q, 4.92574152816087
mwuhpsif2t0, 4.542804472148418
eb1fwobid_8, 5.481214406667277
geu0fnt0vbm, 5.411498493980616
teyt3i8g9wu, 5.348792862496339
ixxgkwlj0lk, 5.197113867499866
14fsqh6nzja, 5.215008918894455
nkm_4mmjjm4, 4.679601466283202
xougsycpwqi, 5.351089055184275
6v1vwfc6mdi, 5.036751307430677
i7kjznv65ny, 4.9990048124454916
oqss6by1t58, 5.310591933608521
fsbpmpymmx8, 4.518123636953533
yiukactqkqs, 5.034465075703338
v9ml4ga47rg, 4.6668408727273345
ggz-xml51pw, 4.9620391968637705
lyctiiaa12a, 5.070749924983829
a9hz2hrpq6g, 4.751300263218582
z5ckekyvuts, 5.0022472040727735
ffuoenrb5uq, 4.667185932397842
vzymlx8xvzw, 4.84807977732271
z5hgxlrtsqk, 4.996305640088394
aq0y4cpygei, 4.532083000813145
v_699k0czfe, 5.451209491351619
vmnwa1wpew4, 5.139847697690129
al0uoi-th50, 4.7625557370483875
mgnrirpmivk, 5.264938855543733
tfcgn6z7fxe, 4.985125374980271
j1z4xqekseu, 5.1629685941152275
ulyefsyamvc, 4.747291742125526
cbsdr_yc4es, 4.711617070250213
q_syx-rc8pa, 4.9199008118594065
6zgtalwsuqc, 5.231707716011442
m3iztt4d2ue, 4.926204928662628
j5vo8xoixx4, 5.114257206907496
fzymvui77fk, 4.245189595036209
wcs2pfz5q6g, 4.991043797694147
moypqrwzjgu, 4.337043706327677
uhcs8kggjqi, 4.3582244229037315
bcx6twuqogy, 4.857471979805268
i4ov6qast1c, 4.76709621027112
a-zzkugavqy, 5.357352196238935
kd-6d5sfv88, 4.498905289568938
hgfxg_b_-co, 4.435932839289308
k1ktbdoimzq, 4.068874912336469
wrbxilw04ie, 4.540536157786846
mx9r-wptffo, 5.172436574473977
eywiaz8fpny, 4.758801645133644
kiia6wtcqn0, 4.628966672345996
gb0f_jdzqgg, 4.738295649178326
pseeudvwyxy, 5.006514384876937
lxyjhsiloio, 5.177581414231099
i8yjkiuvpvm, 4.78122604166856
yqlywiaj6g0, 4.913028310285881
y5yxai75adc, 4.759688383201137
zxypyxxnqsi, 5.337096764240414
apffsa-dmjy, 5.287879028008319
h5kugdevxq8, 4.614696763368556
m5f-yrojunk, 4.708984508179128
rcrauqj3o7y, 4.80875638872385
pza62zkdyps, 4.818796147825196
agpi27vgwvm, 4.92149723879993
8py3pm2-fng, 5.162480031023733
v2ashvtmmnc, 5.298612671671435
7ukkrnozuwu, 4.921630467870273
w7cn7l--kzy, 4.993532412685454
upjslld7qzc, 5.061631666962057
31wjvhcci5y, 4.85600577108562
ne-hi31f2kk, 4.820308047346771
uabna4rxubm, 5.16391108231619
hjctlld-xxu, 4.554474037489854
r9ckhcycwfs, 4.992320403456688
yziaq6oi-wq, 5.037663860246539
gzeoss4xigc, 5.282975502195768
oenwfq-3v0m, 5.035728117683902
kqh_wceynra, 4.969546280335635
us9xv85pz5s, 5.309593850426609
4bjoc4mlkhi, 5.202573614194989
ttz_yhf8w6o, 4.7347099190810695
viab3vyih_8, 5.279905200586654
0fkgwoywxx8, 5.172542096930556
egizdec-fto, 4.523832041071728
dz_pgnmxhoq, 5.022077058849391
pluboqzgkng, 5.274727791547775
agrfimftary, 5.143135676160455
j2lwss70wyw, 4.253473052987829
gyoi8mlrvje, 4.994295490439981
1oprjir1rz8, 4.449835813255049
ellnrcpndu8, 5.240390622057021
daymng8ytfa, 4.402314898557961
ou5-ulnprvm, 5.309391835704446
gluot5nc824, 4.8491391444113106
nxky6sqfx4a, 5.140738753601909
qm9gfsl5h4m, 4.9876637645065784
hoh93judxme, 4.9313870426267385
jmexfdjknt8, 5.08844645343197
yeaynx_ucjw, 4.747264068573713
szvnx-uy0ww, 4.5340316474903375
zzyu8ccxxge, 4.535022110678256
dgrzs7xmvl4, 5.0175683461129665
6jcxxpvk1_c, 4.965667219366878
prm2iwozny4, 5.4534042021259665
jrl0dis1qti, 5.497539260657504
ebb7dei5t68, 4.747384539805353
nmjaxnktria, 4.4478006502613425
jde7j5kbgwk, 4.747268866747618
xj3eu5oelna, 4.89994646795094
5hgqmjlq95i, 5.056830948218703
ti3ew5rm8ss, 5.157221629444393
w_-p7gydwxi, 4.684496797272004
e6vefz-aw8m, 4.890741176903248
n4l12oqnhvo, 4.470786103513092
ivyjdxxufay, 5.351476106094196
4mfiw62azt0, 5.192355937731918
haucvibqahk, 5.282796463230625
ae9bcisoqba, 4.772472419310361
j0bydvu2f7g, 4.8338260455057025
xsvkl25lcsw, 5.120058089029044
udzw8ugjz5k, 5.2053582184016705
vnnj9dgwrey, 4.780517916195095
nynyi8f9n6m, 5.39967947290279
fqar7vx9txg, 4.898200133815408
w2mmkkzv_x4, 5.133897530875402
7fercp7atxg, 4.8899051456246525
0orhkczy7qu, 5.087548257317394
awwzadzivqq, 5.167136522941291
ocf8b_ds4vi, 5.438138379715383
_my5mrvyaea, 4.527698810910806
cyd0rce7kks, 5.507726095383987
4tesmxqpobi, 4.663113201037049
vrv7s3w1e94, 4.890197068452835
3yh4zjzjr7e, 5.124015173874795
hkgr0pkyft0, 5.025500915478915
heszgpxhkic, 5.021121816709638
d0brg7o8wma, 4.799658221192658
lastn9mbono, 5.297301419544965
z1o7f0vnkcy, 5.041986783500761
lkvboupfeqq, 5.141852150205523
tegygfunxzy, 4.874207029584795
nsdk7pa50wi, 4.930628422647715
-bbcc3mab5e, 4.581629656255245
krxrajl3vps, 5.1333946760278195
hn7yo7kojv8, 5.1580382930114865
jnatgblesuc, 5.2996022794395685
xlihqsuwndk, 5.181687570177019
c6c7fys2m9e, 5.4648211422609165
rgacoqvrfya, 5.036785388365388
jqahfwpf0lw, 5.306951188948005
cmkkxnn7cs4, 5.111524434760213
95pafv_swxe, 5.388707690639421
m_w326_3dc0, 4.559509810642339
rm4sqdt2je4, 5.001102467998862
zwm0tlas3pw, 4.428214782848954
uvhl7ecenju, 5.199652186129242
hebhlxf29bm, 5.318570397561416
6erxfztfbfq, 4.893600331619382
60sk1oaflhq, 4.670089265797287
xmbrhh7z8su, 4.725635264301673
awtuvtjktr0, 4.882178881205618
5ye791rxo5u, 5.056386710843071
puaw3io2sts, 5.003877436276525
1a20wkgkma8, 5.279883733892348
w8mrw02tysk, 4.4739455446833745
6eov4cfw2sc, 4.587306778645143
rlyac67a6b8, 4.369719991926104
6-v0tqhjwhe, 5.722049661388155
nkjy_5_cuxc, 5.179549665568629
5eo4mk8wgdc, 5.197275955579244
lzaaqzfubi8, 5.202143950504251
hl5l2fuazbu, 5.1260230637853965
fa6cxx70f7s, 4.636181299807504
wmexjs1udby, 4.887689700815827
mkepnosgxka, 5.155601687612943
g55j-psk8k0, 4.9787872210145
pyo8gl2gboc, 4.4601181843318045
hwv03smqtoq, 4.729642280493863
xu1ieiogtae, 4.840059848502278
pmlrbfsavbi, 5.111333690001629
799uhyuxtva, 4.945283392444253
pkidpot1hue, 4.926152327097952
6dle8fmcf44, 4.886610583751462
fazmjnanbdo, 5.507897721603513
u3l1fgfyoxi, 5.060938755981624
0idxdvmtoyi, 4.303706114995293
0sona5l20xi, 5.306757968151942
cxzoz80nnjq, 5.405154532403685
xgip-0exbua, 4.970708704087883
yvcrll6daag, 5.264517613686621
3bozqaxh5ue, 4.687593544833362
sjs9neqz3zi, 5.08003573177848
oio9avcrnn8, 4.937019733712077
mywdpcw49ji, 5.503579544369131
etyhga9vaoe, 5.563588317949325
qfbdslm5mvi, 4.935481886379421
au24rwigjvs, 4.839585017412901
pxngz7wf754, 4.405156005639583
9efoz2t0jss, 5.091516628395766
2ckyyg__ftc, 4.662286780774593
mmh2hx1h1k4, 4.374330531805754
otqwtryjjwm, 5.074215253815055
grdlmhsrpb8, 4.504437038674951
04ep-zb_4mk, 5.239662465173751
v-_tewcytwk, 5.418674496933818
ocymx96_8wy, 4.495280880481005
kiq5czlg8rg, 4.858542779460549
usormxundje, 5.2694619065732695
dmvm3_ihggg, 5.205359185114503
k8zqrszml4k, 4.600574527867138
jsa-ydukcmy, 4.826335586491041
w2itcm0xpdc, 5.121995614492334
nxj2f9j0798, 5.3584356816718355
hvxft4zuudi, 4.725217338942457
aljiwcail2g, 5.463233646936715
-zwwvf_anbu, 4.730969910975546
ngyrwjgwfpi, 5.403157377615571
pc0pnx_y43i, 4.790429210872389
l_sr8mcbvqm, 5.23930880415719
oxj_zt1rf-c, 4.9509487906470895
gu6dyd_sgt0, 4.79756642319262
-2o_e3pacfy, 5.035920016467571
nt3vwmxcfya, 4.62179658934474
5rpgoos68y4, 5.435149900731631
fukkpd7kxge, 4.929196282289922
faoasur-o-u, 5.032762599410489
ey5aqheetc0, 5.300602382514626
ra_fn944uni, 4.546174320392311
clseuh9sbrm, 5.114278411492705
kmvkj0vixhy, 4.79673364944756
jo8l1lisqu0, 4.77433895599097
upnhesqa5vo, 4.936402617953718
xu7ngvadhzm, 4.901913644745946
dfrrfdzd_5q, 4.62549928505905
o8vxd1w4pls, 5.313516554422677
rgyvpl_e2we, 5.513380377553403
ge1_6muwayg, 4.991198237519711
flmdvsrjpj4, 4.937302872538567
52deq7sodgs, 5.042402099817991
nsxa5cvt3ok, 4.959068650379777
efptbatfx70, 4.944105301052332
ax_dflkfc6s, 5.002860670327209
qdlq7fjpmf8, 5.243053207057528
ytiuyrzcfu0, 4.519676343537867
iw5wnptlifc, 4.893799374811351
yz2zhq0wu98, 5.233834079874214
_4bysdhuvui, 4.60111971758306
untdsfmhiwo, 4.7816490419209
xflzuq9ycmc, 5.183188228635117
hbwdpczz9tm, 4.462203688453883
x-sa2elajyy, 5.085947142681107
6btidyxaapu, 4.588645591400564
szume3wqai0, 4.487875716295093
grae1rfqztu, 5.075932614621706
2nlvriomu84, 4.858626273693517
npkfgjycipk, 5.240374786721077
oge8nyo5_6q, 4.915060312254354
xlwugumz1di, 4.862771761312615
ews3msgtih8, 4.970981155987829
hlrrk1i8hfe, 4.510286662611179
epzjspcixiw, 4.8823208844987676
6gy2csmzxky, 4.770540006458759
i0kc9wi3frc, 5.0928740706294775
nj0w_yqpv3w, 5.259199166437611
nida9gignce, 4.678961696103215
ov0bqi55gd8, 4.924278690654319
gfx-tvm7orm, 4.574135093018413
yjq5t0vvtly, 5.092089126701467
urfodavwhjo, 5.180647065164521
latcwqn373w, 4.265823346824618
j7fmtqnczv4, 5.347964178770781
6ztrta_rkao, 5.456231490243226
0tsmmkxsdcs, 4.991382214589976
x8cygkiqyes, 4.7889546904480085
svkxbbws7nm, 4.809485958889127
udb_emx3j2u, 5.323531957576051
p5mqu2gl25y, 5.058898890390992
rsdpbwtjmuw, 4.808396201580763
wxujmjxykla, 5.286368995090015
gtut7iebnko, 4.712772409198806
z7evvujce1m, 4.778325296123512
uj-korlnhey, 5.002132516354322
zqegpmeflmm, 4.770817311480641
o5xuvaswu84, 5.3442262802273035
cfqdd7lwj4u, 4.688418852281757
et-owrpkqpk, 4.85657113045454
zs63m8zg2bg, 4.597839708905667
2frf7huiyna, 5.19907242897898
ld5gdwycs_s, 5.327504203654826
rh3o75swk90, 4.738738926127553
1clofsjvo6k, 4.386091279797256
z4jelkzbb9u, 5.451167116407305
npcuweknkj0, 5.149778190068901
miptstsvx9y, 4.9532868741080165
sngd__egreq, 5.266076750616776
1qthrk6xm4c, 4.8099382147192955
iixq9z8uq3o, 5.447918192134239
hdekzco7k1c, 4.953161361743696
uwdlfnktzys, 4.571974808815867
subd5mv4neg, 5.142211253987625
4m8k_1awiak, 4.772467168979347
_xqi1l5wqhk, 4.819658898748457
y_m4bnnm6ty, 5.401132211089134
7tyj2adafkc, 5.070765991229564
ng7eyifjgcu, 4.503379308152944
zifluvtu7am, 4.973953021690249
snfzdt_5gi0, 5.410158262588084
3xwikudpn8g, 4.428097154945135
epgvjt9wa-k, 5.278318730037427
5hsci4dvfq8, 5.253442214219831
fc6d0el94uo, 4.5828775085974485
qdjn7ryaq5y, 5.0501912999898195
39qgxlidwwq, 4.955850082449615
w0va9kbil3g, 4.779889756347984
cicn8mv5nr0, 4.9459740613237955
4e6khsfptj0, 5.234309527499136
yuzzl9zssn4, 4.454575129784644
cwfpz6vpdtq, 4.685905812308192
7fawldi6eys, 4.395202234387398
sddll9-lejc, 5.120721770450473
zjzxinxylpc, 4.877387675456703
sxy3s-ffh5w, 4.632566675543785
ofrgkinrhs4, 5.385863296687603
xd-tmhdljp0, 4.89190367795527
xmlhago7qsw, 4.851051084930077
mwqlqdhhx04, 5.274432728765532
kmxj2lrqszu, 5.066658523865044
kngr5ovhm1c, 4.506933392956853
z61jcemafne, 4.873644863604568
cl-kibr25fc, 5.218225758522749
adj9vomvd7e, 4.744835096411407
widsbra3ywy, 4.370988465845585
qjepsdaqhki, 5.0021587228402495
q8znwqyqa5m, 4.710276962257922
8iplyg1dfrm, 4.412640782888047
fxmfvk-qfgc, 5.19055713666603
hi5isg2ooeo, 4.300428676884621
ivsgsfutoqe, 4.713695507496595
cr7fyffmi-s, 4.890409527346492
wmibzkgkpj8, 5.050468510016799
3r_8lwmsf-a, 5.001540150493383
2wnyrfkfbwo, 4.669043597765267
l9szjxwa7ti, 4.704637795686722
sgcszihdonm, 5.105490384623408
tkh_iexg1uu, 5.3245668562012725
mocpsm9rqv8, 4.815598692046478
yvlokscm2m8, 5.192199178040028
lwago_0fxrw, 4.872602177783847
yitcdprj4ve, 5.184417618525913
tnduuygzxq0, 4.442398050101474
6rjpmvbllto, 5.115751010365784
kaehk2-s0c8, 4.608257297426462
uclbhhv4tr0, 5.187179388245568
hcnelva6oiw, 5.04633926670067
g9mdynx8lxg, 4.373742583207786
nybjttq2n_q, 4.822841159999371
e0axqtnbcik, 5.55093640065752
byy1q6ndirq, 5.10853673319798
paxrcdcxjiy, 4.973605998791754
e-fsfydmfq0, 4.886293675575871
4b_x1xjbhii, 5.150821242015809
4n6ity1hbvu, 4.380275369621813
jnan6lrber0, 5.025341653265059
ix0hbrfryvc, 5.530010249931365
-fxhlhoy3vw, 5.380147021351149
sf8rkqpvxak, 5.065035697538406
yndsgcz6qeo, 5.1685738964006305
xevvkhdpveo, 5.181325487792492
alq7v_f76wm, 5.188829790102318
p-uzngtiwca, 4.486863937345333
dkx-px0bglw, 4.604852333664894
u9d8eholan0, 5.022765079338569
d-_pk7v9ud4, 5.183534086216241
u1b776vom1w, 5.202332660323009
sp4rs30ehx4, 4.976076977327466
mvnumv1izoe, 4.761812383192591
trzwcpj0vi8, 4.922959715593606
s0uav1xzy_u, 4.742977791465819
kr3oaivgbk8, 4.71259377617389
gxvuju1kt48, 4.9491724809631705
fdy_8jjht5q, 5.1947609428316355
fdbeeazop_8, 4.652636157348752
gysqumw7tdg, 5.199502909556031
dkuwlkhjnte, 4.585136887617409
tgg0upe77mk, 5.307794628664851
gkxe7klxb0c, 5.233024200657383
bso81ajox50, 4.511714713647962
tsld8pxu7w4, 5.420523743610829
-nlbtzkx2ca, 4.682153819128871
ujemqnive8o, 5.463844529353082
6sw3yvnhy8g, 5.068000385072082
nlqhpgwt6gw, 5.293289776018355
bmu5th0ubys, 4.9818439956288785
yyfpdvgxuly, 4.606634518131614
kyrdmrm-rm0, 5.039609803818166
qiv-33ojrge, 4.865877760574222
kwt_jj9gick, 5.085435823537409
x6gwvp3piju, 5.260277760913596
6kd1awu2aq0, 5.212341551436111
5cwa9sxtdt8, 5.127478062058799
qlqckby19um, 4.427686654031277
ztc-xsnff6k, 4.176265585236251
orbq6bikig4, 4.958398806862533
3axupc7oe-g, 5.297429523896426
rfe_mrelsim, 4.874847455881536
wbsm9qk_kpc, 4.730963224108564
10dmvxrfbc0, 4.9159090158645995
kvqjqdlbdf8, 5.231767977820709
m9n1aswucoa, 4.908132625976577
vih4alx3czq, 4.607705509290099
q4tafmcqdta, 4.883787801489234
0te8jebyhvo, 5.033785052597523
verd3wpsixe, 4.225562511943281
yrax3d7pb4e, 4.681833166861907
uwdpvl493q8, 4.456211787648499
zrekxaejasq, 5.275851218961179
p1ks8jk_awk, 5.243390026502311
a3yjkl1qmis, 4.9498112285509706
e0ekzvamnkk, 5.188166601583362
jyd0rsdm130, 4.779514824971557
ljvu3hxg_bo, 5.045541716797743
v5-z1r8_fzy, 4.715438693761826
11mlvimffnu, 4.988762965425849
yh7egh7xc-0, 5.247203446691856
t705r8ickrw, 4.987420862191357
zom5im2-8hc, 4.617812424898148
t0-tql_g7wm, 4.736973452701932
iu1zmhxxorc, 4.630898267496377
zlc12p4f51c, 5.219995324732736
dner7ijxxyo, 5.100937488372438
ytvgcwusk20, 4.642925826832652
kferh_yzxog, 4.513676074449904
rxx3utln15g, 5.115096632565837
r7yzkjhsrre, 4.6153151976759546
mriuiyrre1u, 4.295963356737047
tsgpiqcxi1u, 4.617642953526229
qttakbmvgdi, 5.176986745442264
alnu1chii_c, 5.097689673304558
qovabkksh10, 4.4924881448969245
i2krnshb6by, 4.458362650126219
6oayllibkg4, 5.028797498904169
dtpawoqarle, 5.116946093738079
b0qtxeugajq, 5.360608945367858
bzli1yiytnu, 5.1188144406769425
7gan3o3phx8, 5.352548882365227
azbtyejweym, 4.408808514650445
cou-wvnxymy, 4.989213968394324
vwexogumx30, 4.676334291114472
huy3f-fc_gk, 5.075829454232007
ywbv6m7vofu, 4.95590355573222
mrs4pbuevvy, 5.47118169022724
kit3oigxfh0, 4.778885682113469
2cqk70etbfk, 5.204901913413778
rekywae-f40, 5.220425318693742
4rtavlmjgd4, 5.080714789219201
unsn7dt8qom, 4.588016785914078
xfxmjyxva-o, 5.2536480613052845
lrpj-zrmv6y, 5.217834138544276
ikd79_ddfqa, 4.5142256347462535
tijzztotebm, 5.185545839834958
vpnxlg97bae, 5.356938408280257
vwdqlnao7xu, 5.319123427383602
nqu-hq5mnoe, 5.077013021800667
w2ttsjkx76o, 4.975241973879747
9ep2pye5kow, 5.023693948984146
vbziplrkt_0, 5.238310787361115
z6gxgemisxi, 5.330370052950457
1dezdx3m6ey, 5.056040170904453
awjitzbcav4, 4.89734167046845
bxwben6pewy, 5.406907971017063
em3u6zz13z0, 5.0207011587917805
mlt-iiitx2q, 4.699141142889857
tn8ib5vlmzy, 4.828461408847943
8_dmqz_t-ng, 4.8894945895299315
w0oqh2p_qxu, 5.15705248946324
f4jlthjwwhu, 5.0992440353147686
ry2jp2o99p8, 4.718282883521169
tkujq9zinmu, 5.198586869984865
g_tgooiksiq, 4.899807507172227
xykvtvu_3fw, 5.40449271351099
b__r2uem_bg, 5.063937961589545
u2ahf1wrduy, 4.716508118552156
65hkaixwfxs, 5.155226095113903
frsukyakply, 5.097908913507126
9tm4prwo_ti, 4.687268787063658
u5inz6iknum, 5.105693558929488
iwkvxd4hd_g, 4.727592416340485
_9euzzfao9g, 4.99822925881017
wng2tbdkmfu, 5.3345237681642175
d91glsbim8k, 4.295295245014131
w--kk6l4epa, 5.064377624541521
_aogniikbgq, 4.409519033666584
5-jiw0nhfv8, 5.018719675019383
unlk2lgwdyo, 4.70214198064059
3mu-dikvy3u, 5.128698107320815
d39pt6f45xw, 5.154150993563235
_r_dt9u_gai, 5.2122805181425065
b4codabdiyu, 4.4895281521603465
fkh8a9nchyu, 4.953152765287086
cv7s1vht2aw, 5.051165078766644
3bueqvhcfbc, 4.730728765949607
bdwdptni8ro, 5.085308679030277
smr1o9fe4pw, 5.748407998587936
airfznfecqa, 5.233499729307368
0bjbykvtmkw, 4.946555737406015
2f47lxp14ds, 5.06541219050996
t649yjyzpiy, 5.142325820401311
bhl10d17anc, 4.754525099415332
tjqqfoy2rza, 5.465210081078112
1jndo_dahb0, 5.0033683171495795
ujiai86sixm, 5.319193011615425
ahok9juw9nc, 5.311797275673598
hkfj5kh-tl4, 4.899347035214305
oqfgz6ygcyc, 5.160951882367954
vehxj7q2has, 5.0141797149553895
hibfv0hkwvw, 5.2817169753834605
ta1sutijnky, 4.693908214569092
osvsjs3qhz8, 5.168695889413357
90qcw2xh-iu, 4.555871039163321
8kvosub2vzq, 4.389394978061318
209fktpsyku, 4.54391454544384
lwlclbi15aa, 5.226673625409603
r0dqh1yvlqa, 4.543411280028522
o4c6ipj6ff0, 5.069244392623659
bulbjh676fq, 4.416774190263823
5qfv86wk2ei, 5.349231466650963
pf7n-oeegra, 5.218103855673689
ullrpif5rts, 4.8863845963496715
3x6qee2fhve, 5.103436730103567
oxdj5pywes4, 4.844754015095532
fsjiqa9y9a0, 5.02486413391307
hcj9sjhunva, 4.997687331284396
dohlrqvleyo, 4.718544133007526
o_w280r_jt8, 4.736732741817832
cj9jxa7ezii, 4.594628756865859
fnezotg7h8a, 5.1691784420982
rxmv7rt9leo, 4.892865851521492
5pfxlbcwvam, 5.261757334403228
jic6dbbov4y, 5.1501867743209
dh4eks7_vg8, 5.374952286016196
tjjnrtflpvm, 5.095426846295595
ln66xwthtx8, 5.005270819179714
uechd2e7f68, 4.953422137070447
bywkxstv1sw, 5.307788602192886
cbsxbgf81bu, 5.261362690478563
aflromb6snu, 5.243854796863161
7ygzzcxqkxe, 5.115454004146159
-rjjto51yky, 5.043216817313805
ng2t5fgalss, 4.984444009838626
34tiuz0ajti, 5.297906535677612
-k-v3eshcfa, 4.566941838071216
rlottgm1w_q, 4.773562556132674
mazb2hid-1k, 5.128750358446268
r53zti1furc, 4.293293296417687
feumkmvpyus, 4.941664944868535
_jifjxohdig, 5.467591883498244
potbfevhrq8, 5.008356392849237
wcfrpjl8ff0, 4.715924649266526
an9hflelzms, 4.727263941429555
ghxpetuyosy, 5.486524340696633
b4vvcofuyt0, 4.8649058900773525
_sddoibcky8, 5.3537963221315295
x9nyinvyiwq, 5.075993184931576
mc7thmc1amk, 5.286745311226696
fuqfutywqzo, 4.8131816170644015
vfmlr6gcvoy, 5.259768197312951
gf-iezwch-8, 4.871728096157312
2lvppnvrkcm, 5.212243153015152
myjls-fuj2u, 4.60487456843839
zulwxgpemja, 4.4960661445511505
_hzldsfgwhc, 5.106360532343388
tse2prvpqm0, 5.2832261977600865
-34uqzvsdp8, 4.738502321531996
5k1_zp6iusm, 4.783406519680284
a3ystzk53_k, 5.263488220050931
n-aehgaxnuo, 4.881837189546786
shewtkedvm0, 5.334236744791269
c7lpsijd-qw, 5.438849357655272
fktwkxr3q6a, 4.860606389120221
glwlms1cjdu, 4.735961297061294
1hqm0dykux4, 5.455931963399053
5oxegpdem7o, 5.012638611719012
rqu0qsgpdua, 5.040739438263699
_le6u34pxne, 5.006127687171102
s2ctwfoo81o, 5.342351029976271
vbvlu3euc2q, 4.786870477721095
gntbkylvjzq, 4.644641605205834
is3escgj8ni, 4.511945632984862
fwl1htq-od8, 5.031690095551312
qtrfbmh2nfc, 5.26896282780217
nybb8wifxds, 5.228791138142697
m6o85l7hipu, 5.047035425086506
zf9r3i1gyh8, 4.818008648231626
zhbu4tqsora, 4.99734946899116
9t-a0zmc87a, 4.84461179189384
zmd9r9y20su, 4.773095431504771
qaqkgpeprtm, 5.304310083156452
pe5zj-9iems, 5.291098699439317
whgrsitxe0k, 4.744553215801716
yzt-ruokor0, 5.083438141271472
mxonkxglj5q, 5.019982251338661
rqptyd-lbds, 5.300234895199537
eqrit4q_sck, 5.274691772647202
hvcckmqxgfy, 4.669522376614623
p8oopbgony4, 4.983596007223241
eg1ud75lpam, 5.1133716377662495
pbtpd8fdzfa, 5.282091112807393
cvyde8fuglc, 5.432062366977334
sa0zfv1ypba, 5.262713510543108
ctonkqbyx-m, 5.03827239247039
qun9uhd1vja, 5.1227679286384955
jmyqkhb2toa, 5.361165317706764
j7tr0ur4t08, 5.214890365488827
jgs8jh08qhs, 4.722593035548925
grwwzixastq, 5.0636995527893305
gping-mc8eu, 5.031810685642995
typdvxjytke, 5.019718150026165
5-7awzo8jmw, 4.61329921730794
eubwtk3hzke, 4.401735543040559
tejavw6xgl0, 4.823240575497039
psbt6fmvz5k, 4.957837553694844
avrh5sxcxxw, 5.157713956781663
5w81-jiw8fs, 5.235774866305292
ym_zjblbrgu, 5.317733271047473
nt3a5t1gmtw, 4.866666949004866
ccrrjikx1pc, 4.872859053619322
yryi1bbmuju, 4.946205302141607
2dpww-bliu8, 4.577075213659555
cuuel5_vqes, 4.572621435625479
jjvgweobulm, 5.1161809847690165
9zgy7f6j9h4, 4.736951403319836
5to_pb3xbdy, 5.298084955662489
e8lmhxnzr4g, 5.252932060975581
ij02znyx7o4, 5.173803172947373
ibrl8j95dhs, 5.277777712646639
b6vzsk3j89s, 5.037673875922337
ubgv0pmuesw, 5.461559715738986
6hkczjgrcv4, 4.458630928304046
is--jxyswve, 4.749451290350407
9z3f6tpmxks, 5.231366670690477
0wy4vctizc8, 5.13561175018549
flmkqzvn_g8, 5.010299939662218
8i7xwt3izew, 4.971065957099199
ir16mp-ilnm, 5.22769380826503
hhoebdu3xi4, 5.108641190454364
xbiowq0war8, 5.070577233564109
szcxb8snnmg, 4.852740767644718
irt8grumho0, 4.911909159272909
vogwhmc2uji, 4.442328153178096
un7dmd9odwm, 4.991606934345327
bntckcrc55c, 5.318570397561416
p0m_f16c5vc, 4.7320987759158015
klmeml2xlos, 5.0863911068299785
2kpggaxrify, 4.544086502166465
qaby81uu9qs, 4.831906588748097
xxcwyzerfnw, 5.242093039676547
jajgnslyrh8, 4.984733632183634
8bxhsus-ohw, 5.331157120002899
qshslsrwvhc, 4.574675341602415
z4ln33j4m-8, 4.837463004514575
gvrdgqhoeyq, 5.180693829897791
tnuzi-jmxoy, 5.041285546962172
levtmnclldw, 5.029223854653537
yzqhymtfce0, 5.042680076789111
tjvxl1at4i8, 4.953504518140107
5ldibqf3nlo, 4.909402248915285
nds_xfezdge, 4.481351476162672
pooqm2olc8m, 4.839809648692608
db5hzg0dlfc, 4.418607363943011
v4ptnzn_hbg, 5.547138091176748
u9qz91-agow, 4.250492705963552
2a1p5e1joes, 5.1458416217938066
owa2w3yiufs, 5.265238645486534
vyru8azpwww, 5.158693649573252
3jan-_wmjtk, 5.117134405300021
hmf23dvkjoa, 4.857154672616161
wedpvvahfy8, 4.872952535748482
_nubjg90rgc, 4.801262618246255
u1petrer2_s, 4.656938416417688
fys8elbafn0, 5.1917270622216165
ycyodn0uwzk, 5.205524982884526
ouik8vj3us4, 5.485849844291806
fyv6kxnlfha, 5.221285595558584
nlaq28e31ae, 4.617238265520427
evkhtceo230, 4.691884089144878
imvthqlmeki, 5.215394313447177
qudywokx8vw, 4.697377428878099
l5jcday1xti, 4.314818250306416
awluekuglku, 5.27047949572443
6hjf1nt8tuc, 4.94153235736303
pbk7rm4vjpg, 4.769392685964704
1wiotoykxau, 4.6102533880621195
yybksqilspw, 4.8836239031516016
udzjqb6bxjg, 4.790478434879333
kdstif3gawi, 4.889109994284809
zxbgggh5i7m, 4.715613562148064
q--kqthif4y, 4.873839559033513
70q9m6_swec, 4.257966536388267
gwaxod29ydu, 5.1693026246502995
amof1yq5bai, 4.998142214491963
s2jqqpfmhac, 5.080466263112612
q2c_x6zlx-k, 5.4742734467145056
g-y1xnt4ukc, 4.510911733377725
3wknapj-0ug, 4.834720736253075
vepc5v4h_kg, 5.2646633157273754
anjooja4qhe, 5.241885693278164
wx75z-4meom, 5.178818930406123
6py4w7bf7rw, 5.38653039932251
s6ssmbh9yfo, 4.724855746142566
cwd_fpjvxdq, 4.800336604937911
q-rpsyvixsc, 4.39157800655812
6etrxcjfxa8, 5.114097078097984
cn7vcwlspbs, 5.027609205571935
3mqye2uun24, 5.12531756144017
5mdwwf8f_xs, 5.486276621930301
hrequvjw0ea, 5.004324580426328
fnnvmvwl_z0, 4.676458638161421
p7s7goflfi4, 5.41778180282563
4jnjr3dnlzi, 5.179872570326552
lmn9oo71yac, 4.728588782949373
4x3yougulz0, 5.322472526226193
af0_xgxir_i, 5.293962623924017
usr5zm4dhb0, 5.3008519615978
koi2akxrqnw, 5.2704004315892234
bxcefpnwjsm, 5.316416091518477
smwp1-vmuus, 4.91226607747376
i90sq1bhdpm, 4.37083569727838
i5n1hhso2gi, 5.012711952440441
8ofgcuvdira, 4.785300687653944
-knuctq3koa, 4.972375854849815
bxzbcmu-e9w, 4.41614327672869
9kgmdrqme4a, 5.286895513068885
3j4mcqmpr8a, 5.217118892818689
jkggh5a5gfa, 5.10848937719129
-a8syqbmf2k, 5.116774691035971
w7syxe77f-0, 4.38743966340553
v1tlhleao0u, 5.245689695701003
vpjwn_kdf38, 4.979291181545705
ephj7bqwqww, 5.106998916569864
pl_j7qx0xyq, 5.133815544657409
u4uycyxhbi0, 5.111925357719883
alqiva9ljcm, 5.289763749577105
q6vvuj3igge, 4.604583036387339
0g7x_n-4soq, 4.474492051638663
toldweppoii, 4.769834593869746
4e0_pr3ihie, 5.059756915085018
ybtacnc6ibw, 4.787474278593436
yqcgwv6ub14, 4.492470417171717
jhjgv6jqvd0, 4.830524848308414
zvjomohb6eo, 4.720634653465822
gbqffj9u_fe, 5.0221137690823525
e5pdogxtba0, 4.375404151040129
ymkms9bpmqm, 4.851624986156821
jdtwcsxnina, 4.868963861372322
6z8jtl2aqg0, 4.78338883491233
o1zjqabhtgq, 4.862266553740483
ao3s_yjnknu, 4.613967529148795
mzf9xg8ets0, 5.132064292556606
dwojupdqoha, 4.624557757982984
fcwftvizjiy, 5.28772455919534
ir9aswxywqc, 4.4429582785815
ncsoor2iw8k, 5.232035124208778
tl-i3r2pn4w, 5.124138495884836
vpnwp82adbe, 4.5959487487562
nq8csjqcn6o, 4.588056561537087
okoaoxpm0fk, 5.04487662948668
fu_piltk624, 4.996824903413653
a4yxebuz0r0, 5.528164286748506
44o-jxgvure, 5.098095325753093
xkhcmuhxlfu, 5.080915738362819
u30n1nsqygq, 5.3011670091655105
pc1afloxsmw, 4.674138865433633
qowf0ktnu2g, 5.113375035114586
wkdhh_omqq8, 4.8698530937545
lgncvemfqao, 4.987390123307705
ie5pw2bly1y, 5.081677104579285
adzdxbgvx7m, 4.885345095768571
0r4xnhydqjk, 5.355398668907583
jvbd7ggmwv4, 5.343075929908082
cxsdzrt6dtg, 5.168695985106751
ofietpfpfho, 5.2107080451678485
bnwkt7oryq4, 5.1968726040795445
i8qvo2s36ou, 4.656105396570638
tvdyy_qvpue, 4.772673263447359
wdo-wl4ui4c, 5.300424995482899
hvr2twoxecq, 4.635653365170583
jz_tp9qjviw, 5.356062595266849
cxvx1ksqbjc, 4.798339273314923
bccgiuj0enq, 4.822043444029987
hkm0yjdbcbs, 4.683759113773704
cikfg46xoey, 4.774864386767149
w_kwedulfuy, 4.536217481363565
akstwqbyafs, 4.956049275584519
35yni9gtwwm, 4.845268041826785
bhiwy7snmtk, 4.96598033234477
g7yfokx_axg, 4.858403182122856
9rveixhrok4, 4.954084445955232
akep04ag8a8, 4.968252311926335
elwdrlmt5hg, 5.106417873874307
-iyucz4reoo, 5.32667245529592
s1a8tfn_t6u, 4.996403680881485
9_33kauquxc, 5.378774882294238
_zcsvqlp-uo, 5.137654402642511
tiavpb8h0es, 5.494281395338476
-x99tnhanyu, 5.169094821438193
jzp54iotbtu, 5.4165013211313635
yad6tofkeju, 4.894387975335121
qwfiw03famm, 4.6218690443784
_mzq-5-kyhw, 4.849229994229972
cgjgnlvdtze, 4.564993628300726
oaxwzr831cs, 5.210460849106312
fiyxfgw2swm, 5.319477597950026
eglujgfzhbo, 5.053955646697432
lfst2cpsdcu, 5.445890908886213
hwrxx7o3hc8, 4.844004848971963
w_ouydj2vjq, 5.114992149407044
k8iyxjgdb10, 4.504229260375723
hn3xuvhi6uq, 4.886592475697398
mdqig_idllo, 4.3444293746724725
jo4zbfv20yi, 3.8702056310139596
niy8r5oi28o, 4.841782780364156
vnd8t4f2tz4, 4.894875007128576
ooxfmfetims, 4.970959228929132
clgbehuntt4, 4.954057237133384
ryvikwvaztq, 5.343466041609645
leapq7yrwqg, 5.68367475271225
uj8cyher5xo, 5.248987670405768
o12sce1_xkw, 4.806631878716871
5igyrnaa5la, 5.3460889514535666
pa6duupytkg, 4.706890213303268
qvhj4-f1v0g, 4.903642913326621
gyn0yiclc54, 5.252786990720779
enzktuqpalo, 5.044262310490012
vgllqmrqdis, 5.081896822666749
u9splc07e60, 5.367771620862186
nsff5h317fm, 5.317739529535174
4hhj_y3b54m, 5.340595544781536
vs6tnf31zr4, 5.30953748349566
n17fwxebtwa, 5.185299976728857
4tkgc-6osnk, 4.606655016250443
qwpg2dmh-6k, 4.753167062764987
qklkongnpmu, 4.828172168286983
ltjjrk4uzc4, 5.1018671481870115
artsbzpchbc, 4.193065599538386
etiabswh5xg, 4.964388549793512
wxqyw7chxm8, 5.3873764388263226
_zcv6froptg, 4.433510018512607
4jrolxh9nvc, 5.343375615484547
td75elxbh0i, 4.500413961708546
scxp-qf-xsi, 4.131189331877977
x3cdf7ru-jq, 5.004795747459866
jlmf5ckz1fg, 4.950244130101055
lop4adi0_gk, 5.54158891341649
pn-eslaamrk, 4.523760922253132
iz_8b_ydsv0, 5.4289080537855625
1h2yt5lydbg, 4.049669240950607
ebhaedaxi5k, 4.412853373331018
plnp1n8yxvo, 4.795778040017467
sst2ubab2zi, 5.036162338335998
kwgaywrmea8, 5.060888928186614
jdboig3purm, 4.710656041279435
ablcbbgipxy, 5.113651297986507
hskp_yvcsoq, 4.799201804213226
axvdemo6us4, 4.888022840023041
kymsboo2gda, 5.417951594397891
mvotatcgfq0, 4.588084106333554
kylj2v1_c-o, 5.165101014077663
1dhgkw7ph3s, 5.202932625368703
mujmkl7qfdu, 5.218791124643758
uxs-zpc63km, 4.8345062881708145
yswx5rllxfo, 4.767899899510667
ymbgyri1v4o, 4.9188108530361205
_pkmxjrpgkc, 5.017107023857534
etgxo5cxr-y, 5.026289048488252
dytkb7oqtuy, 4.76816740562208
kxloycj4pjy, 4.85096734855324
ldklt6uu06u, 5.538089520239737
t8thzjmctem, 4.8990982212126255
gs1rbhdyw80, 4.984049788676202
mkzzj45_rtm, 4.943951727822423
cdy8tnkkeug, 4.532767174765468
jf5qpn4g4_8, 4.472641383763403
qk6cbgtvv38, 4.882708195131272
l8g7ww-npk8, 5.3603652054443955
ldnu4rqpj_a, 4.673771227244288
7l4jdhxpiva, 5.16627928102389
pti3683lmom, 4.842948269098997
0o9_k2_wod4, 5.337099661002867
afmgrvavazc, 5.201010546181351
jwiz28qgbca, 4.778178410953842
uqczaq543zc, 4.894801218062639
hsc13bdjpke, 4.835390168693266
lohoxhg1ru8, 4.620991808362305
1m6ron_ygdo, 5.351761178579181
4v7de1jbltw, 5.234741901047528
-wit_wsjgfw, 5.140860359184444
1tmdigvvzzw, 4.8810455445200205
s7yzkhz4klw, 5.051766958320513
hbac8v-dpw4, 5.063572509039659
e2h_breixaq, 5.439816155703738
3z3k42do7zg, 5.1997610160615295
-3xabm9yewk, 5.096889660693705
cs7cnabrkxo, 5.269342083483934
syoahxnyda4, 4.417765585007146
mysbskhberw, 5.36903455783613
zsnj9kro1ie, 5.572705875849351
kld6aslflsu, 4.697524257935584
kib-mj75omi, 5.304935229942203
pa5ib5fnq3a, 5.259288786444813
hcyoapznjqo, 4.400097992562223
5ff7hkkv4vk, 4.8592967772856355
cxw75uljj48, 4.329821409424767
qfnmqehytt4, 4.499849302927032
n6vsbtz1su4, 5.237116945907474
jugizdxr2pu, 4.496691140346229
1lba0voso48, 5.495752338785678
tqgygef3we0, 4.983736487105489
wzbnovvbay8, 4.862093785777688
oqsiutyr0wg, 4.7746913828887045
kcp0z87xeq0, 5.238145073410124
ffl7jza964a, 4.926724500954151
hrx3a1khphk, 4.576753607951105
knwkpfokipk, 4.933745809830725
eojxaz3vtue, 5.445301410043612
nzgb9cxbt88, 4.802305575925857
xzbgkq-ufyi, 5.094424644485116
rdmtopqlqye, 5.469655510911252
ex1juuoi0pi, 4.5622291676700115
i1ogfaawmju, 4.970633314107545
5fedhvyclay, 5.16454407107085
llwv3ptbfrk, 4.565216803923249
zh8p_jyjbe8, 4.834189098328352
3hwztgzc4b0, 5.311199218878755
uasf6wqm0pm, 5.185121381189674
pl1fb_itvno, 5.222726805135608
xwccluornre, 4.179896820918657
rckhcfosopc, 4.530655672773719
wrxcooe1ngo, 5.174525230540894
4pmhi4gzk-e, 4.623190026730299
bv_s5upj5dk, 4.683963559742551
ckvwzjc0dh4, 4.951002929592505
cqb95rj_txi, 5.442074325517751
z6c4txrad_o, 4.908629755489528
8vxp2sitghq, 4.475815234705806
d7hcqt1wlaq, 4.105015888111666
s1cvyai27vu, 5.075927661266178
qn1fbp9crvm, 5.253310750587843
fcam4pxg_34, 5.137431792914867
qj5c-g6rijc, 4.906860280316323
mz01412xu54, 5.068615844473243
a5haxwwegbm, 4.821195007592905
stsjsyraods, 5.261481243185699
x7qyo5vti5q, 4.477446928969584
6bmaxykgk0g, 4.835885742679238
fuhcrwona2c, 5.365971368737519
dp3itjgbrsw, 4.916953677078709
-hxhhq1yo54, 5.042725685518235
i44gvrko6mk, 4.634018886834383
dc6c6owwr4u, 4.691835500299931
skzbuhumtcq, 5.232227250002325
1kb8qqsumuq, 4.686456499621272
l63_ejfibwc, 5.1756482750643045
nmhvjyclmbm, 5.327947007841431
t_luvty7i84, 4.760791821870953
w0xvq_vmltg, 4.63495520374272
jg3wfkjsssc, 4.669506082544103
f402ymqrrhe, 5.2068321905098855
7grnunyfoeq, 5.018264312297106
mwox-enoesi, 4.782408355269581
u1k360nz5ha, 4.9897679013665766
bwfkz38sae0, 4.569638793822378
wi5x5pbrmwq, 4.546904888935387
o1p6k_pas0a, 4.747328686993569
jznc6hyoq54, 5.009468909935094
cgs76jcxxuu, 4.921112120093312
ic4r2j798l4, 4.379040439031087
xmob0lox_fq, 4.851975871250033
t5ibjem5lhu, 5.117238383740187
yxz7kdgxoou, 4.85378578491509
ytan4wtdqj0, 5.579811885370873
x8ecm6ngp9q, 5.0271374268922955
fqorqolhqq0, 4.968475927365944
4hnlqddsmqk, 5.10384055506438
x6brhk801os, 5.363910566549748
1xsqwzzlgdq, 4.959745151223615
w8drbvxloae, 5.131176098482683
vgqyy71aex4, 4.8488313995767385
k4zlof0ev60, 4.535775150172412
wdtzlikjhpi, 4.971258331090212
hogasbldtyq, 5.137142461258918
5ryhrn1x3fm, 4.628368957899511
_fqh1rqqrqg, 5.394188683712855
e3pahdlrrqw, 4.852875845506787
x1idh2fnwtq, 4.569673439022154
fochh6or780, 5.08585166069679
u7e-mcjdzok, 5.060429041041061
kmmaccusoag, 4.674397444352508
h-lkrmyeq2g, 4.438299796078354
zxfhsk620dw, 4.964108596090227
6qnp9wygr3u, 4.889613958075643
pv8cmzzkrb4, 4.907826770097017
txg6jvqmjfk, 5.36088026734069
fzboxskiahu, 4.653308096167166
kdgmaizsrmk, 4.728823702316731
jeojnk0ak3u, 5.033036532113329
hir1w601u7w, 5.110897705890238
r73evy5otqq, 5.431235348456539
3yjcqsnna24, 5.005268805660307
h6qydsbhw9m, 4.67514031380415
0ekhw0ibnnq, 4.440649040974677
7t1ag9pgksk, 4.872998870734591
2pieyqqqmpg, 4.919923344859853
ngkygqt_fra, 4.834613679908216
p5tstuhvyre, 4.531666931696236
_-bcltm8ps0, 5.034722192795016
dcxnao6byze, 5.192012392217293
i5xq_pi_zbw, 4.754203444812447
gmdwqxdrljm, 5.165434543741867
glgkkg44mgo, 5.2841366631910205
na6qffcfup4, 5.484154784237035
aiume--nmri, 5.230878742411733
t1ixvntm69i, 5.213008121587336
in2rquwwf0m, 4.862617128994316
a6cepxkxnk8, 4.782139169983566
t8us8iocrh4, 5.273495955276303
xogji5cpp68, 4.653923778794706
t5yttp_yk_8, 5.353213916067034
ujwkj82bjjo, 5.247730739880353
9e9d7abghpu, 5.050856755697168
4_vo5r5izjk, 4.432400748599321
gvlhaz3ernk, 5.2926812376827
txcxelnuexm, 5.127788159064949
nrtsvn9usvq, 4.948440121021122
4sn2yivzjb4, 5.592528280161787
ip4tyg4ygzu, 4.4125685300678015
4tes-bjzrvm, 5.075938910245895
8y0znytpza0, 5.4312383234500885
59qe9ae93im, 4.441322729806416
ipqkk7rxapg, 3.687591043242719
rguxvsbsl2c, 5.336884211516008
uuifk7i9lek, 5.109903499484062
lhedxsi085i, 4.95988243073225
biiwfjhzv98, 5.085304778534919
lu1xwhe1wog, 4.23484534031013
77zknlmzhpm, 4.187519138562493
x7wtvfhzjeu, 5.189492903184146
szworsrmi4g, 4.282962120138109
psnoqe0c7ak, 4.6618796767434105
utbrwk4gmme, 4.794990537688136
nr7apktzjwk, 5.25308740651235
xz3wfbuuvdu, 5.030857954523526
y-2cyah180k, 5.052101316861808
wahgcmijws4, 4.727972579537891
cdidzhgazpc, 4.960446652956307
8pbu-ujlj9e, 4.490751250181347
mco4kx4zbre, 5.2155462726950645
3ubxdqnq3pg, 5.224791864398867
cd45ebho1lc, 4.657305123284459