,faceCount,faceCover,maxAngry,maxDisgust,maxFear,maxHappy,maxSad,maxSurprise,maxNeutral
0,1,0.03913194444444444,0.000818856933619827,0.12864632904529572,0.0008184165344573557,0.846407949924469,0.01676115021109581,0.0020321181509643793,0.0045151435770094395
1,1,0.17320601851851852,0.0053662206046283245,0.006817262154072523,0.004664503503590822,0.8069453239440918,0.000845382281113416,0.17471757531166077,0.0006438232958316803
2,1,0.1776851851851852,0.00019098297343589365,7.728915079496801e-05,0.000981199904344976,0.9347513318061829,0.0010880461195483804,0.06277038902044296,0.00014088205352891237
3,1,0.1288425925925926,0.003955383785068989,0.0023946259170770645,0.11681529879570007,0.027233341708779335,0.0009192588040605187,0.8462687730789185,0.0024133070837706327
4,1,0.08336805555555556,0.00030996769783087075,0.00016033883730415255,0.017450785264372826,0.07814964652061462,0.00010877040767809376,0.9035496115684509,0.0002708409447222948
5,2,0.028958333333333332,0.0365428626537323,0.0009201804059557617,0.0714506059885025,0.7158165574073792,0.10456616431474686,0.5025975108146667,0.04407885670661926
6,0,0.0,0.0,0.0,0.0,0.0,0.0,0.0,0.0
7,1,0.04383680555555555,0.02032562904059887,3.1033341656439006e-05,0.0007567083812318742,0.006005054339766502,0.0002312303549842909,0.9701672196388245,0.002483203774318099
8,2,0.026111111111111113,0.8779422044754028,0.004069719463586807,0.00304291769862175,0.9978194236755371,0.03932714834809303,0.0027339626103639603,0.07113256305456161
9,2,0.1477314814814815,0.005518520716577768,0.0007942903321236372,0.001023868448100984,0.980430543422699,0.007884169928729534,0.9830015897750854,0.009155616164207458
10,2,0.03663773148148148,0.6296983361244202,0.010242635384202003,0.023866543546319008,0.20225198566913605,0.04611159488558769,0.574989914894104,0.23945336043834686
11,0,0.0,0.0,0.0,0.0,0.0,0.0,0.0,0.0
12,0,0.0,0.0,0.0,0.0,0.0,0.0,0.0,0.0
13,0,0.0,0.0,0.0,0.0,0.0,0.0,0.0,0.0
14,0,0.0,0.0,0.0,0.0,0.0,0.0,0.0,0.0
15,3,0.07998263888888889,0.055636610835790634,0.00016177049838006496,0.003274153685197234,0.037449467927217484,0.04838677868247032,0.7635517716407776,0.09153943508863449
16,0,0.0,0.0,0.0,0.0,0.0,0.0,0.0,0.0
17,0,0.0,0.0,0.0,0.0,0.0,0.0,0.0,0.0
18,0,0.0,0.0,0.0,0.0,0.0,0.0,0.0,0.0
19,1,0.017152777777777777,0.0,0.0,0.0,0.0,0.0,0.0,0.0
20,0,0.0,0.0,0.0,0.0,0.0,0.0,0.0,0.0
21,0,0.0,0.0,0.0,0.0,0.0,0.0,0.0,0.0
22,1,0.004027777777777778,0.9489107131958008,0.003136433893814683,0.0018001871649175882,0.001018367474898696,0.04395975172519684,0.0004037815087940544,0.0007706313044764102
23,2,0.19723958333333333,0.014866651967167854,0.015432902611792088,0.005510321352630854,0.5195479393005371,0.005417943000793457,0.41696932911872864,0.022254858165979385
24,1,0.0021875,0.47608768939971924,0.000638749566860497,0.004730007611215115,0.1838274747133255,0.021284079179167747,0.2602750360965729,0.053156983107328415
25,4,0.012042824074074074,0.7956579923629761,0.0004651529889088124,0.15091165900230408,0.5947100520133972,0.06792313605546951,0.10810632258653641,0.12144898623228073
26,1,0.06619791666666666,0.0073132747784256935,0.0011100000701844692,0.013553593307733536,0.10790986567735672,0.026512719690799713,0.7684457898139954,0.07515476644039154
27,0,0.0,0.0,0.0,0.0,0.0,0.0,0.0,0.0
28,1,0.03208333333333333,0.003814648138359189,0.0013710977509617805,0.0006953734555281699,0.813175618648529,0.09295333921909332,0.0036109955981373787,0.0843789130449295
29,1,0.0575462962962963,0.0008347324910573661,0.0004268139891792089,0.005504376720637083,0.4510279893875122,0.0002841876703314483,0.527045726776123,0.014876225031912327
30,1,0.10378472222222222,0.13634474575519562,0.0010542381787672639,0.005818376783281565,7.965252007124946e-05,0.5167196989059448,0.00586050795391202,0.33412277698516846
31,1,0.04266203703703704,0.023827238008379936,0.00010644257417879999,7.841325714252889e-05,0.0011777339968830347,0.005474272184073925,0.467944473028183,0.5013914108276367
32,1,0.12616319444444443,0.008356348611414433,0.027571190148591995,0.005850797984749079,0.0027357307262718678,0.9511367082595825,0.001158499508164823,0.0031908161472529173
33,0,0.0,0.0,0.0,0.0,0.0,0.0,0.0,0.0
34,1,0.08466435185185185,0.003260218072682619,0.0008002723334357142,0.0006593906437046826,0.8042590022087097,0.008588741533458233,0.002841321052983403,0.1795910745859146
35,0,0.0,0.0,0.0,0.0,0.0,0.0,0.0,0.0
36,1,0.008067129629629629,0.019996190443634987,0.0005363742238841951,0.06281721591949463,0.1772107630968094,0.5413846373558044,0.003572955960407853,0.19448186457157135
37,1,0.08402777777777778,0.003980153240263462,0.0007917393813841045,0.0010613027261570096,0.7320825457572937,0.00921455305069685,0.006808541715145111,0.24606122076511383
38,1,0.042534722222222224,0.023790933191776276,0.0033297287300229073,0.023213990032672882,0.0012690563453361392,0.057100310921669006,0.10556496679782867,0.7857310175895691
39,0,0.0,0.0,0.0,0.0,0.0,0.0,0.0,0.0
40,0,0.0,0.0,0.0,0.0,0.0,0.0,0.0,0.0
41,2,0.2904976851851852,0.1404174417257309,0.004259990528225899,0.1363515704870224,0.6374778747558594,0.06850885599851608,0.278003990650177,0.22278955578804016
42,1,0.014322916666666666,0.005056306719779968,0.0037499694153666496,0.036606620997190475,0.42154645919799805,0.04295865073800087,0.47005695104599,0.0200251042842865
43,1,0.2959664351851852,0.04284273833036423,0.0004544538969639689,0.05621165409684181,0.00784374587237835,0.10179859399795532,0.07540372759103775,0.7154451012611389
44,0,0.0,0.0,0.0,0.0,0.0,0.0,0.0,0.0
45,0,0.0,0.0,0.0,0.0,0.0,0.0,0.0,0.0
46,0,0.0,0.0,0.0,0.0,0.0,0.0,0.0,0.0
47,2,0.1198900462962963,0.1249067485332489,0.008101267740130424,0.06230752170085907,0.035496924072504044,0.024103885516524315,0.6839187741279602,0.06116490066051483
48,0,0.0,0.0,0.0,0.0,0.0,0.0,0.0,0.0
49,2,0.15218171296296296,0.05243118107318878,0.06151891127228737,5.8682442613644525e-05,0.005774971563369036,0.0011872145114466548,0.00019307735783513635,0.8788359761238098
50,1,0.21976273148148148,0.023337995633482933,0.0473267026245594,0.0028554508462548256,0.49998581409454346,0.31255418062210083,0.00708371214568615,0.10685615986585617
51,2,0.11549189814814814,0.049995530396699905,0.003614268731325865,0.15960291028022766,0.8931667804718018,0.03574344888329506,0.707222580909729,0.034165799617767334
52,0,0.0,0.0,0.0,0.0,0.0,0.0,0.0,0.0
53,0,0.0,0.0,0.0,0.0,0.0,0.0,0.0,0.0
54,1,0.06424768518518519,0.0023357574827969074,6.024554750183597e-05,0.00037883484037593007,0.00679043447598815,0.010105712339282036,0.014479278586804867,0.965849757194519
55,1,0.018958333333333334,0.07179489731788635,0.00774778239428997,0.3357974886894226,0.005348685197532177,0.18081171810626984,0.3454681932926178,0.053031306713819504
56,3,0.02136574074074074,0.15535205602645874,0.12842199206352234,0.15540722012519836,0.5378242135047913,0.20441339910030365,0.2869642674922943,0.307487428188324
57,0,0.0,0.0,0.0,0.0,0.0,0.0,0.0,0.0
58,1,0.11458333333333333,0.04794316738843918,3.542756530805491e-05,0.013153765350580215,0.003130911849439144,0.5966393351554871,0.008788716979324818,0.3303087651729584
59,0,0.0,0.0,0.0,0.0,0.0,0.0,0.0,0.0
60,2,0.08408564814814815,0.017125584185123444,0.6772697567939758,0.014374577440321445,0.32354748249053955,0.10128538310527802,0.004721834324300289,0.005472221877425909
61,0,0.0,0.0,0.0,0.0,0.0,0.0,0.0,0.0
62,0,0.0,0.0,0.0,0.0,0.0,0.0,0.0,0.0
63,2,0.04221643518518518,0.11218321323394775,0.015505176968872547,0.0908418819308281,0.0011569659691303968,0.7598862051963806,0.008747282437980175,0.01167928334325552
64,13,0.021302083333333333,0.9784247875213623,0.022115757688879967,0.20784583687782288,0.9610995054244995,0.6088277697563171,0.7098210453987122,0.5079389214515686
65,0,0.0,0.0,0.0,0.0,0.0,0.0,0.0,0.0
66,0,0.0,0.0,0.0,0.0,0.0,0.0,0.0,0.0
67,0,0.0,0.0,0.0,0.0,0.0,0.0,0.0,0.0
68,0,0.0,0.0,0.0,0.0,0.0,0.0,0.0,0.0
69,1,0.029166666666666667,0.2542840838432312,0.0004065422690473497,0.0009576845332048833,0.022942015901207924,0.06715357303619385,0.020445236936211586,0.6338109374046326
70,0,0.0,0.0,0.0,0.0,0.0,0.0,0.0,0.0
71,0,0.0,0.0,0.0,0.0,0.0,0.0,0.0,0.0
72,4,0.038344907407407404,0.8039658665657043,0.002781615126878023,0.027643362060189247,0.010527431964874268,0.049156833440065384,0.2167782187461853,0.5684238076210022
73,0,0.0,0.0,0.0,0.0,0.0,0.0,0.0,0.0
74,1,0.08388888888888889,0.020916087552905083,0.00414298428222537,0.3035549521446228,0.016332916915416718,0.0032521914690732956,0.6357567310333252,0.016044115647673607
75,1,0.006597222222222222,0.03332080692052841,0.0002318148035556078,0.42312344908714294,0.0037247859872877598,0.3533158004283905,0.15857544541358948,0.027707839384675026
76,0,0.0,0.0,0.0,0.0,0.0,0.0,0.0,0.0
77,0,0.0,0.0,0.0,0.0,0.0,0.0,0.0,0.0
78,2,0.034513888888888886,0.1466389298439026,0.015971535816788673,0.23987627029418945,0.12738509476184845,0.07532619684934616,0.38472166657447815,0.010080336593091488
79,0,0.0,0.0,0.0,0.0,0.0,0.0,0.0,0.0
80,0,0.0,0.0,0.0,0.0,0.0,0.0,0.0,0.0
81,0,0.0,0.0,0.0,0.0,0.0,0.0,0.0,0.0
82,0,0.0,0.0,0.0,0.0,0.0,0.0,0.0,0.0
83,0,0.0,0.0,0.0,0.0,0.0,0.0,0.0,0.0
84,0,0.0,0.0,0.0,0.0,0.0,0.0,0.0,0.0
85,0,0.0,0.0,0.0,0.0,0.0,0.0,0.0,0.0
86,0,0.0,0.0,0.0,0.0,0.0,0.0,0.0,0.0
87,0,0.0,0.0,0.0,0.0,0.0,0.0,0.0,0.0
88,0,0.0,0.0,0.0,0.0,0.0,0.0,0.0,0.0
89,0,0.0,0.0,0.0,0.0,0.0,0.0,0.0,0.0
90,0,0.0,0.0,0.0,0.0,0.0,0.0,0.0,0.0
91,0,0.0,0.0,0.0,0.0,0.0,0.0,0.0,0.0
92,0,0.0,0.0,0.0,0.0,0.0,0.0,0.0,0.0
93,0,0.0,0.0,0.0,0.0,0.0,0.0,0.0,0.0
94,0,0.0,0.0,0.0,0.0,0.0,0.0,0.0,0.0
95,0,0.0,0.0,0.0,0.0,0.0,0.0,0.0,0.0
96,0,0.0,0.0,0.0,0.0,0.0,0.0,0.0,0.0
97,0,0.0,0.0,0.0,0.0,0.0,0.0,0.0,0.0
98,0,0.0,0.0,0.0,0.0,0.0,0.0,0.0,0.0
99,0,0.0,0.0,0.0,0.0,0.0,0.0,0.0,0.0
100,0,0.0,0.0,0.0,0.0,0.0,0.0,0.0,0.0
101,0,0.0,0.0,0.0,0.0,0.0,0.0,0.0,0.0
102,0,0.0,0.0,0.0,0.0,0.0,0.0,0.0,0.0
103,0,0.0,0.0,0.0,0.0,0.0,0.0,0.0,0.0
104,1,0.0009722222222222222,0.8289012908935547,0.0075082601979374886,0.024841265752911568,0.0351724773645401,0.03780859336256981,0.00230780360288918,0.06346028298139572
105,0,0.0,0.0,0.0,0.0,0.0,0.0,0.0,0.0
106,0,0.0,0.0,0.0,0.0,0.0,0.0,0.0,0.0
107,0,0.0,0.0,0.0,0.0,0.0,0.0,0.0,0.0
108,0,0.0,0.0,0.0,0.0,0.0,0.0,0.0,0.0
109,0,0.0,0.0,0.0,0.0,0.0,0.0,0.0,0.0
110,0,0.0,0.0,0.0,0.0,0.0,0.0,0.0,0.0
111,1,0.08403935185185185,0.0008095166995190084,1.9356983102625236e-05,0.010057688690721989,0.9677810668945312,0.018056638538837433,0.0007667632889933884,0.002509061247110367
112,0,0.0,0.0,0.0,0.0,0.0,0.0,0.0,0.0
113,0,0.0,0.0,0.0,0.0,0.0,0.0,0.0,0.0
114,1,0.0671875,0.0014312128769233823,0.0037274279166013002,0.00032754900166764855,0.9348224997520447,0.002391661051660776,0.007127044256776571,0.05017261952161789
115,0,0.0,0.0,0.0,0.0,0.0,0.0,0.0,0.0
116,0,0.0,0.0,0.0,0.0,0.0,0.0,0.0,0.0
117,0,0.0,0.0,0.0,0.0,0.0,0.0,0.0,0.0
118,0,0.0,0.0,0.0,0.0,0.0,0.0,0.0,0.0
119,0,0.0,0.0,0.0,0.0,0.0,0.0,0.0,0.0
120,1,0.06747106481481481,0.04554542899131775,0.05641428381204605,0.0001886065147118643,0.4646439850330353,0.0012421461287885904,0.0009878779528662562,0.4309777021408081
121,1,0.1387326388888889,0.004863222129642963,0.0027187326923012733,0.00034093589056283236,0.0495479479432106,0.002621446968987584,0.028381753712892532,0.9115260243415833
122,1,0.11017361111111111,0.03360605239868164,0.0042681642808020115,0.0009735800558701158,0.33095401525497437,0.001261250814422965,0.018425660207867622,0.6105112433433533
123,2,0.24969328703703703,0.018687598407268524,0.9802138209342957,0.015546268783509731,0.10467066615819931,0.12310554832220078,0.3972281217575073,0.3394717574119568
124,2,0.2517534722222222,0.708490788936615,0.009381445124745369,0.0125837791711092,0.23501737415790558,0.08444659411907196,0.2255321592092514,0.412476509809494
125,1,0.06921296296296296,0.007144768722355366,0.1809997856616974,0.0014322970528155565,0.2764143645763397,0.0032948439475148916,0.0347883515059948,0.495925635099411
126,2,0.24901041666666668,0.046592842787504196,0.002323854947462678,0.010783667676150799,0.9580238461494446,0.07355451583862305,0.23331598937511444,0.4244346022605896
127,1,0.11047453703703704,0.045378658920526505,0.01519834529608488,0.0032587400637567043,0.37953466176986694,0.0015589314280077815,0.03063197433948517,0.5244386792182922
128,1,0.1485474537037037,0.010178137570619583,0.007318899501115084,0.0012794709764420986,0.6145515441894531,0.0007445223163813353,0.11208952218294144,0.25383782386779785
129,1,0.1613425925925926,0.0002338020276511088,0.00010182774713030085,0.0014479426899924874,0.6423605680465698,0.006525717675685883,0.319498747587204,0.02983127348124981
130,1,0.0637037037037037,0.021669188514351845,0.9636355042457581,0.00028580776415765285,0.0030784897971898317,0.000304620829410851,0.0006436930852942169,0.010382692329585552
131,2,0.2648726851851852,0.035958316177129745,0.0021046979818493128,0.01948065124452114,0.9990341663360596,0.12981341779232025,0.2294132113456726,0.38481491804122925
132,1,0.1387326388888889,0.005807199515402317,0.004934112075716257,0.00032979974639602005,0.05495747923851013,0.002577929524704814,0.023976905271410942,0.907416582107544
133,2,0.23482638888888888,0.04079733043909073,0.003890326013788581,0.012706284411251545,0.999421238899231,0.16977645456790924,0.29149526357650757,0.2979656457901001
134,2,0.23862268518518517,0.09550467133522034,0.0023974839132279158,0.011597177013754845,0.9960164427757263,0.165029376745224,0.225853830575943,0.36169666051864624
135,1,0.05741898148148148,0.014456088654696941,0.0010557114146649837,0.00027087065973319113,0.004462592303752899,0.016919201239943504,0.0024353868793696165,0.9604001045227051
136,2,0.24069444444444443,0.04568484425544739,0.0023547420278191566,0.023283109068870544,0.996605634689331,0.11991805583238602,0.17240160703659058,0.440825879573822
137,1,0.11047453703703704,0.0009012967930175364,0.0021194671280682087,0.0003558424359653145,0.8897038102149963,0.00038552508340217173,0.0010206132428720593,0.10551343858242035
138,1,0.11047453703703704,0.0010102977976202965,0.002476269844919443,0.0004360288439784199,0.8990134000778198,0.00022371244267560542,0.0013952949084341526,0.09544506669044495
139,1,0.11579861111111112,0.007097545545548201,0.00018429779447615147,0.00019974452152382582,0.08386163413524628,0.0016199216479435563,0.005593837704509497,0.9014430046081543
140,1,0.05257523148148148,0.0009748747106641531,7.070672290865332e-05,0.02553982473909855,7.528386049671099e-05,0.0002109596534864977,0.9727489948272705,0.0003793551295530051
141,2,0.06432291666666666,0.002026523696258664,0.00018401298439130187,0.9600417613983154,0.7151970267295837,0.035752132534980774,0.27942195534706116,0.0012220144271850586
142,1,0.12086805555555556,0.0011807968840003014,2.306170244992245e-05,0.009791829623281956,0.00032546959118917584,7.850491965655237e-05,0.9874710440635681,0.0011292231502011418
143,2,0.22294560185185186,0.23014453053474426,0.07748027890920639,0.014619939960539341,0.3957565128803253,0.047644585371017456,0.08796637505292892,0.6393370032310486
144,1,0.08536458333333333,0.09792051464319229,0.0014368927804753184,0.4012540280818939,0.0011254415148869157,0.012680446729063988,0.4709624648094177,0.01462024636566639
145,1,0.020416666666666666,0.7336986064910889,0.000928641704376787,0.0022578586358577013,0.001881995820440352,0.0032640062272548676,0.002670904388651252,0.2552981674671173
146,1,0.12326967592592593,0.24432680010795593,0.00243312562815845,0.003531455295160413,0.022995242848992348,0.02560301125049591,0.00917705800384283,0.6919333338737488
147,2,0.06028935185185185,0.220724418759346,0.0048003653064370155,0.22229336202144623,0.7634222507476807,0.07857965677976608,0.4107685983181,0.05476892367005348
148,1,0.16633680555555555,0.0007586839492432773,1.9700732082128525e-05,0.4073079228401184,5.0862938223872334e-05,0.0004237464745528996,0.5898089408874512,0.0016301701543852687
149,1,0.1574074074074074,0.0007982372771948576,2.022118860622868e-05,0.00416979705914855,3.576811286620796e-05,0.0003598016337491572,0.9925521612167358,0.002064041094854474
150,1,0.038483796296296294,0.007814082317054272,0.00023151730420067906,0.0012544518103823066,0.0012547150254249573,0.0075783939100801945,0.8485735654830933,0.1332933008670807
151,1,0.04071180555555556,0.015027940273284912,3.888004721375182e-05,0.4712110757827759,9.153386054094881e-05,0.0009814439108595252,0.5112119317054749,0.0014371549477800727
152,1,0.0798611111111111,0.004065333865582943,0.000822208181489259,0.00024576549185439944,0.4536259174346924,0.002721713623031974,0.0018896328983828425,0.5366294980049133
153,2,0.05675925925925926,0.39925721287727356,0.0039540729485452175,0.007539995945990086,0.0012997378362342715,0.019739802926778793,0.4920327961444855,0.987208902835846
154,1,0.08139467592592593,0.006936584133654833,0.0005085996235720813,0.005821866448968649,0.00027724355459213257,0.015542346052825451,0.8545556664466858,0.11635776609182358
155,1,0.21388888888888888,0.0026302896440029144,0.0005287795793265104,0.0025635596830397844,0.0038272698875516653,0.0016389633528888226,0.9727786779403687,0.01603248156607151
156,1,0.026099537037037036,0.004542192909866571,0.00019381768652237952,0.000861382344737649,0.00023076376237440854,0.006066506262868643,0.9143267869949341,0.07377855479717255
157,1,0.3093518518518519,0.009036775678396225,0.00024037767434492707,0.20944778621196747,0.10687246918678284,0.0463123582303524,0.08463530242443085,0.5434549450874329
158,0,0.0,0.0,0.0,0.0,0.0,0.0,0.0,0.0
159,1,0.16168402777777777,0.007206482347100973,2.6234492906951346e-05,0.030874166637659073,0.0016470021801069379,0.0005273843416944146,0.9265594482421875,0.033159252256155014
160,1,0.06519675925925926,0.11498135328292847,0.06400598585605621,0.12336605787277222,0.029851989820599556,0.05784621089696884,0.49686744809150696,0.1130809336900711
161,1,0.17,0.0013545952970162034,1.5169726793828886e-05,0.00010857803135877475,0.9173128008842468,0.0001275435643037781,0.08094840496778488,0.00013299784041009843
162,1,0.14614583333333334,0.8712759017944336,0.0019962359219789505,0.0027856279630213976,0.022394638508558273,0.0734679251909256,0.0014443050604313612,0.02663523331284523
163,1,0.06975694444444444,0.6207313537597656,0.026314755901694298,0.00048040584078989923,0.055451977998018265,0.23654800653457642,0.00012979043822269887,0.06034369021654129
164,1,0.1474537037037037,0.03840033710002899,0.08597180992364883,0.00651426799595356,0.7975357174873352,0.000687492429278791,0.06944852322340012,0.0014418791979551315
165,1,0.14291666666666666,0.00010885635856539011,4.4115694208812783e-07,0.0002485808217898011,0.00599905988201499,1.541920573799871e-05,0.9934244155883789,0.00020327602396719158
166,1,0.17916666666666667,0.015325040556490421,6.1031245422782376e-05,0.257308691740036,2.1241492504486814e-05,0.0023331886623054743,0.7193145751953125,0.0056361546739935875
167,1,0.11719907407407408,0.006944313179701567,0.005660123657435179,0.1886284500360489,0.12500207126140594,0.056009918451309204,0.5275574326515198,0.09019774198532104
168,1,0.009027777777777777,0.012043600901961327,0.0017626775661483407,0.008779102936387062,0.2962527275085449,0.0015711435116827488,0.6769501566886902,0.0026406142860651016
169,1,0.07364583333333333,0.005945635959506035,0.0015405790181830525,0.007127465680241585,0.032826539129018784,0.749233603477478,0.0062929606065154076,0.19703315198421478
170,1,0.12699652777777778,0.00021727304556407034,0.012023242190480232,0.000361510319635272,0.9827948212623596,0.000516752596013248,0.0014748410321772099,0.0026116131339222193
171,1,0.1246875,0.2509922981262207,0.0009979712776839733,0.005138541106134653,0.12672396004199982,0.04202471300959587,0.06803684681653976,0.5060856938362122
172,1,0.19016203703703705,0.015275662764906883,0.00039445096626877785,0.058843035250902176,0.08740851283073425,0.0011709469836205244,0.8352766036987305,0.0016307556070387363
173,1,0.22528935185185187,0.6252968907356262,0.29838672280311584,0.018461128696799278,0.0005272926646284759,0.019585564732551575,0.01322131883352995,0.02452116645872593
174,1,0.11840277777777777,0.0057044667191803455,1.4943158021196723e-05,0.034511782228946686,0.0008320333436131477,7.27937076590024e-05,0.9585614204406738,0.0003025652258656919
175,1,0.17369791666666667,0.4626207649707794,0.00023159178090281785,0.5215247869491577,8.435219206148759e-05,0.0006316596991382539,0.014392634853720665,0.0005142993177287281
176,1,0.10471064814814815,0.000579601910430938,3.829997240245575e-06,0.005797152407467365,0.00016694307851139456,1.2475057701522019e-05,0.9933297038078308,0.00011029434972442687
177,1,0.1709490740740741,0.005178216379135847,0.0003261631354689598,0.09296964108943939,0.0014520962722599506,0.001720465486869216,0.8634271025657654,0.034926362335681915
178,1,0.05168981481481481,0.010112249292433262,0.0008287521195597947,0.001201235456392169,0.8011682629585266,0.004082059022039175,0.15961043536663055,0.022997014224529266
179,1,0.31827546296296294,0.00018381979316473007,0.00038104731356725097,0.0003222031518816948,0.9268639087677002,8.96166093298234e-05,0.07200230658054352,0.00015712957247160375
180,0,0.0,0.0,0.0,0.0,0.0,0.0,0.0,0.0
181,0,0.0,0.0,0.0,0.0,0.0,0.0,0.0,0.0
182,0,0.0,0.0,0.0,0.0,0.0,0.0,0.0,0.0
183,0,0.0,0.0,0.0,0.0,0.0,0.0,0.0,0.0
184,1,0.18525462962962963,0.0004296609840821475,0.00028369948267936707,0.000500209687743336,0.9707575440406799,0.0034549375995993614,0.011955538764595985,0.012618501670658588
185,0,0.0,0.0,0.0,0.0,0.0,0.0,0.0,0.0
186,0,0.0,0.0,0.0,0.0,0.0,0.0,0.0,0.0
187,0,0.0,0.0,0.0,0.0,0.0,0.0,0.0,0.0
188,0,0.0,0.0,0.0,0.0,0.0,0.0,0.0,0.0
189,1,0.11844907407407407,0.00043399512651376426,1.2828614671889227e-05,0.0018621900817379355,0.756178081035614,6.237222260097042e-05,0.24134917557239532,0.00010132473107660189
190,0,0.0,0.0,0.0,0.0,0.0,0.0,0.0,0.0
191,0,0.0,0.0,0.0,0.0,0.0,0.0,0.0,0.0
192,0,0.0,0.0,0.0,0.0,0.0,0.0,0.0,0.0
193,1,0.014681712962962962,0.9329773187637329,0.0007735217222943902,0.009845440275967121,9.381485142512247e-05,0.04762887582182884,0.000888687209226191,0.0077922954224050045
194,0,0.0,0.0,0.0,0.0,0.0,0.0,0.0,0.0
195,0,0.0,0.0,0.0,0.0,0.0,0.0,0.0,0.0
196,1,0.06495370370370371,0.9451412558555603,0.014909186400473118,0.0014739445177838206,0.007535671349614859,0.004697454161942005,0.0010930484859272838,0.025149406865239143
197,1,0.03171875,0.018968936055898666,0.00016481529746670276,0.004415309056639671,0.010344239883124828,0.13923931121826172,0.45136597752571106,0.375501424074173
198,0,0.0,0.0,0.0,0.0,0.0,0.0,0.0,0.0
199,4,0.01369212962962963,0.925166130065918,0.013188528828322887,0.046725329011678696,0.30460381507873535,0.09716050326824188,0.02814142405986786,0.276686429977417
200,1,0.14166666666666666,0.3532675504684448,0.11259559541940689,0.003472421783953905,0.0017465613782405853,0.003875255584716797,0.0019586700946092606,0.5230839848518372
201,14,0.16978009259259258,0.9831404089927673,0.07146736234426498,0.10968249291181564,0.9867308139801025,0.058725181967020035,0.6071901917457581,0.9697170257568359
202,1,0.12614583333333335,0.0013371269451454282,0.1462147831916809,0.8117045760154724,0.0009281487436965108,0.027440708130598068,0.00609703129157424,0.006277608685195446
203,0,0.0,0.0,0.0,0.0,0.0,0.0,0.0,0.0
204,1,0.03833333333333333,0.3369552493095398,0.0009737538057379425,0.04581717774271965,0.008783900178968906,0.0019986722618341446,0.382158100605011,0.22331315279006958
205,1,0.0019444444444444444,0.7282426357269287,0.20690955221652985,0.021892854943871498,0.0021228687837719917,0.032303761690855026,0.0037748906761407852,0.0047534434124827385
206,1,0.084375,0.7847561240196228,0.1943858563899994,0.0002362755622016266,0.0007712875958532095,0.0009701086673885584,3.4073083952534944e-05,0.018846238031983376
207,0,0.0,0.0,0.0,0.0,0.0,0.0,0.0,0.0
208,1,0.009791666666666667,0.7192835211753845,0.0001480805512983352,0.029611118137836456,0.020531781017780304,0.0003380493726581335,0.2292712926864624,0.0008162178564816713
209,1,0.11571180555555556,0.5053713321685791,0.03027948923408985,0.10173966735601425,0.3212144374847412,0.0008810675935819745,0.03439612314105034,0.0061179036274552345
210,1,0.03197337962962963,0.04651503637433052,0.0001278350973734632,0.028511378914117813,0.002563864691182971,0.03775014355778694,0.37297549843788147,0.5115562677383423
211,0,0.0,0.0,0.0,0.0,0.0,0.0,0.0,0.0
212,1,0.006712962962962963,0.01877555064857006,0.0009288970613852143,0.00033437900128774345,0.35307538509368896,0.00022997964697424322,0.6144742965698242,0.012181518599390984
213,0,0.0,0.0,0.0,0.0,0.0,0.0,0.0,0.0
214,1,0.06875,0.00488209119066596,3.981622739956947e-06,0.016165684908628464,0.1086696982383728,2.9776203518849798e-05,0.8700650930404663,0.00018373415514361113
215,0,0.0,0.0,0.0,0.0,0.0,0.0,0.0,0.0
216,0,0.0,0.0,0.0,0.0,0.0,0.0,0.0,0.0
217,0,0.0,0.0,0.0,0.0,0.0,0.0,0.0,0.0
218,0,0.0,0.0,0.0,0.0,0.0,0.0,0.0,0.0
219,0,0.0,0.0,0.0,0.0,0.0,0.0,0.0,0.0
220,0,0.0,0.0,0.0,0.0,0.0,0.0,0.0,0.0
221,0,0.0,0.0,0.0,0.0,0.0,0.0,0.0,0.0
222,1,0.01425925925925926,0.031259600073099136,0.01174483448266983,0.00213861302472651,0.542066752910614,0.0028058479074388742,0.3337995409965515,0.07618481665849686
223,1,0.08322916666666667,0.06703529506921768,9.014392708195373e-05,5.19959103257861e-05,0.008397463709115982,0.005977283697575331,0.00028140158974565566,0.9181663990020752
224,1,0.2322685185185185,0.0,0.0,0.0,0.0,0.0,0.0,0.0
225,1,0.2017013888888889,0.004109432455152273,0.0011168784694746137,0.009287622757256031,0.00018809606262948364,0.9720845818519592,0.002127125160768628,0.011086318641901016
226,1,0.02894675925925926,0.7740578651428223,5.3778625442646444e-05,0.0010785512859001756,0.00022628888837061822,0.006552337668836117,0.004952021408826113,0.21307922899723053
227,0,0.0,0.0,0.0,0.0,0.0,0.0,0.0,0.0
228,0,0.0,0.0,0.0,0.0,0.0,0.0,0.0,0.0
229,1,0.06695601851851851,0.09063772857189178,0.00039007217856124043,0.47411835193634033,0.00027908774791285396,0.005107887554913759,0.32421374320983887,0.10525315254926682
230,1,0.06041666666666667,0.033644385635852814,9.21903265407309e-05,0.5397112369537354,9.794740617508069e-05,0.0014210406225174665,0.4174783229827881,0.00755489943549037
231,2,0.014976851851851852,0.3476256728172302,0.009453251026570797,0.1912284940481186,0.09130249172449112,0.3533008396625519,0.47253793478012085,0.11169314384460449
232,0,0.0,0.0,0.0,0.0,0.0,0.0,0.0,0.0
233,0,0.0,0.0,0.0,0.0,0.0,0.0,0.0,0.0
234,0,0.0,0.0,0.0,0.0,0.0,0.0,0.0,0.0
235,1,0.03171875,0.026197312399744987,0.0011479104869067669,0.003527220105752349,0.13368919491767883,0.0025558434426784515,0.5424378514289856,0.29044464230537415
236,0,0.0,0.0,0.0,0.0,0.0,0.0,0.0,0.0
237,2,0.032690972222222225,0.967322587966919,0.003401774913072586,0.0019538914784789085,0.00029883961542509496,0.07676805555820465,0.00503743439912796,0.05916758254170418
238,0,0.0,0.0,0.0,0.0,0.0,0.0,0.0,0.0
239,1,0.1396990740740741,0.040525298565626144,0.001955242594704032,0.0003917825815733522,0.01392407063394785,0.02566157840192318,0.0019413483096286654,0.9156006574630737
240,0,0.0,0.0,0.0,0.0,0.0,0.0,0.0,0.0
241,0,0.0,0.0,0.0,0.0,0.0,0.0,0.0,0.0
242,0,0.0,0.0,0.0,0.0,0.0,0.0,0.0,0.0
243,0,0.0,0.0,0.0,0.0,0.0,0.0,0.0,0.0
244,0,0.0,0.0,0.0,0.0,0.0,0.0,0.0,0.0
245,0,0.0,0.0,0.0,0.0,0.0,0.0,0.0,0.0
246,0,0.0,0.0,0.0,0.0,0.0,0.0,0.0,0.0
247,0,0.0,0.0,0.0,0.0,0.0,0.0,0.0,0.0
248,0,0.0,0.0,0.0,0.0,0.0,0.0,0.0,0.0
249,0,0.0,0.0,0.0,0.0,0.0,0.0,0.0,0.0
250,0,0.0,0.0,0.0,0.0,0.0,0.0,0.0,0.0
251,0,0.0,0.0,0.0,0.0,0.0,0.0,0.0,0.0
252,0,0.0,0.0,0.0,0.0,0.0,0.0,0.0,0.0
253,1,0.043055555555555555,0.001180183026008308,0.0009752969490364194,0.00027096865233033895,0.9799731969833374,0.011081751435995102,0.0006889933720231056,0.005829604342579842
254,0,0.0,0.0,0.0,0.0,0.0,0.0,0.0,0.0
255,1,0.0009722222222222222,0.0,0.0,0.0,0.0,0.0,0.0,0.0
256,0,0.0,0.0,0.0,0.0,0.0,0.0,0.0,0.0
257,0,0.0,0.0,0.0,0.0,0.0,0.0,0.0,0.0
258,0,0.0,0.0,0.0,0.0,0.0,0.0,0.0,0.0
259,1,0.043402777777777776,0.5448331832885742,2.2966292817727663e-05,0.0017307802336290479,0.0016276962123811245,0.018169978633522987,0.0005239184247329831,0.4330914318561554
260,1,0.01986111111111111,3.608377301134169e-05,2.369832873228006e-05,2.243235576315783e-05,0.9749256372451782,7.942258525872603e-05,0.02481546439230442,9.74082577158697e-05
261,0,0.0,0.0,0.0,0.0,0.0,0.0,0.0,0.0
262,0,0.0,0.0,0.0,0.0,0.0,0.0,0.0,0.0
263,2,0.03816550925925926,0.051040876656770706,0.037213556468486786,0.10828275978565216,0.49363017082214355,0.2733083665370941,0.024108784273266792,0.012415560893714428
264,2,0.05505787037037037,0.0,0.0,0.0,0.0,0.0,0.0,0.0
265,0,0.0,0.0,0.0,0.0,0.0,0.0,0.0,0.0
266,0,0.0,0.0,0.0,0.0,0.0,0.0,0.0,0.0
267,0,0.0,0.0,0.0,0.0,0.0,0.0,0.0,0.0
268,0,0.0,0.0,0.0,0.0,0.0,0.0,0.0,0.0
269,1,0.013125,0.03237561881542206,0.00040296255610883236,0.03209923207759857,0.2506530284881592,0.0994311049580574,0.05382469668984413,0.5312133431434631
270,0,0.0,0.0,0.0,0.0,0.0,0.0,0.0,0.0
271,0,0.0,0.0,0.0,0.0,0.0,0.0,0.0,0.0
272,0,0.0,0.0,0.0,0.0,0.0,0.0,0.0,0.0
273,0,0.0,0.0,0.0,0.0,0.0,0.0,0.0,0.0
274,0,0.0,0.0,0.0,0.0,0.0,0.0,0.0,0.0
275,0,0.0,0.0,0.0,0.0,0.0,0.0,0.0,0.0
276,1,0.000462962962962963,0.0,0.0,0.0,0.0,0.0,0.0,0.0
277,0,0.0,0.0,0.0,0.0,0.0,0.0,0.0,0.0
278,1,0.0011342592592592593,0.0,0.0,0.0,0.0,0.0,0.0,0.0
279,0,0.0,0.0,0.0,0.0,0.0,0.0,0.0,0.0
280,0,0.0,0.0,0.0,0.0,0.0,0.0,0.0,0.0
281,0,0.0,0.0,0.0,0.0,0.0,0.0,0.0,0.0
282,0,0.0,0.0,0.0,0.0,0.0,0.0,0.0,0.0
283,0,0.0,0.0,0.0,0.0,0.0,0.0,0.0,0.0
284,0,0.0,0.0,0.0,0.0,0.0,0.0,0.0,0.0
285,0,0.0,0.0,0.0,0.0,0.0,0.0,0.0,0.0
286,0,0.0,0.0,0.0,0.0,0.0,0.0,0.0,0.0
287,0,0.0,0.0,0.0,0.0,0.0,0.0,0.0,0.0
288,0,0.0,0.0,0.0,0.0,0.0,0.0,0.0,0.0
289,0,0.0,0.0,0.0,0.0,0.0,0.0,0.0,0.0
290,0,0.0,0.0,0.0,0.0,0.0,0.0,0.0,0.0
291,0,0.0,0.0,0.0,0.0,0.0,0.0,0.0,0.0
292,0,0.0,0.0,0.0,0.0,0.0,0.0,0.0,0.0
293,0,0.0,0.0,0.0,0.0,0.0,0.0,0.0,0.0
294,0,0.0,0.0,0.0,0.0,0.0,0.0,0.0,0.0
295,0,0.0,0.0,0.0,0.0,0.0,0.0,0.0,0.0
296,0,0.0,0.0,0.0,0.0,0.0,0.0,0.0,0.0
297,0,0.0,0.0,0.0,0.0,0.0,0.0,0.0,0.0
298,0,0.0,0.0,0.0,0.0,0.0,0.0,0.0,0.0
299,0,0.0,0.0,0.0,0.0,0.0,0.0,0.0,0.0
300,0,0.0,0.0,0.0,0.0,0.0,0.0,0.0,0.0
301,0,0.0,0.0,0.0,0.0,0.0,0.0,0.0,0.0
302,0,0.0,0.0,0.0,0.0,0.0,0.0,0.0,0.0
303,0,0.0,0.0,0.0,0.0,0.0,0.0,0.0,0.0
304,0,0.0,0.0,0.0,0.0,0.0,0.0,0.0,0.0
305,0,0.0,0.0,0.0,0.0,0.0,0.0,0.0,0.0
306,0,0.0,0.0,0.0,0.0,0.0,0.0,0.0,0.0
307,0,0.0,0.0,0.0,0.0,0.0,0.0,0.0,0.0
308,0,0.0,0.0,0.0,0.0,0.0,0.0,0.0,0.0
309,0,0.0,0.0,0.0,0.0,0.0,0.0,0.0,0.0
310,0,0.0,0.0,0.0,0.0,0.0,0.0,0.0,0.0
311,0,0.0,0.0,0.0,0.0,0.0,0.0,0.0,0.0
312,1,0.0030381944444444445,0.0,0.0,0.0,0.0,0.0,0.0,0.0
313,0,0.0,0.0,0.0,0.0,0.0,0.0,0.0,0.0
314,0,0.0,0.0,0.0,0.0,0.0,0.0,0.0,0.0
315,0,0.0,0.0,0.0,0.0,0.0,0.0,0.0,0.0
316,0,0.0,0.0,0.0,0.0,0.0,0.0,0.0,0.0
317,0,0.0,0.0,0.0,0.0,0.0,0.0,0.0,0.0
318,0,0.0,0.0,0.0,0.0,0.0,0.0,0.0,0.0
319,0,0.0,0.0,0.0,0.0,0.0,0.0,0.0,0.0
320,0,0.0,0.0,0.0,0.0,0.0,0.0,0.0,0.0
321,0,0.0,0.0,0.0,0.0,0.0,0.0,0.0,0.0
322,0,0.0,0.0,0.0,0.0,0.0,0.0,0.0,0.0
323,0,0.0,0.0,0.0,0.0,0.0,0.0,0.0,0.0
324,0,0.0,0.0,0.0,0.0,0.0,0.0,0.0,0.0
325,0,0.0,0.0,0.0,0.0,0.0,0.0,0.0,0.0
326,0,0.0,0.0,0.0,0.0,0.0,0.0,0.0,0.0
327,0,0.0,0.0,0.0,0.0,0.0,0.0,0.0,0.0
328,0,0.0,0.0,0.0,0.0,0.0,0.0,0.0,0.0
329,0,0.0,0.0,0.0,0.0,0.0,0.0,0.0,0.0
330,0,0.0,0.0,0.0,0.0,0.0,0.0,0.0,0.0
331,1,0.020277777777777777,0.006773884873837233,0.0013909776462242007,0.0011232726974412799,0.0005983233568258584,0.009169401600956917,0.9710284471511841,0.009915689006447792
332,0,0.0,0.0,0.0,0.0,0.0,0.0,0.0,0.0
333,0,0.0,0.0,0.0,0.0,0.0,0.0,0.0,0.0
334,1,0.028038194444444445,0.11367019265890121,0.00011382162483641878,0.009840850718319416,0.005964236333966255,0.014918866567313671,0.24427230656147003,0.6112197041511536
335,0,0.0,0.0,0.0,0.0,0.0,0.0,0.0,0.0
336,0,0.0,0.0,0.0,0.0,0.0,0.0,0.0,0.0
337,1,0.018778935185185187,0.04030255973339081,0.0020835846662521362,0.0014560810523107648,0.3348054587841034,0.46046921610832214,0.09124724566936493,0.06963595002889633
338,1,0.0021643518518518518,0.6532876491546631,0.002534418134018779,0.02157767303287983,0.08252200484275818,0.08978035300970078,0.11157693713903427,0.03872103616595268
339,0,0.0,0.0,0.0,0.0,0.0,0.0,0.0,0.0
340,0,0.0,0.0,0.0,0.0,0.0,0.0,0.0,0.0
341,0,0.0,0.0,0.0,0.0,0.0,0.0,0.0,0.0
342,0,0.0,0.0,0.0,0.0,0.0,0.0,0.0,0.0
343,0,0.0,0.0,0.0,0.0,0.0,0.0,0.0,0.0
344,0,0.0,0.0,0.0,0.0,0.0,0.0,0.0,0.0
345,0,0.0,0.0,0.0,0.0,0.0,0.0,0.0,0.0
346,0,0.0,0.0,0.0,0.0,0.0,0.0,0.0,0.0
347,0,0.0,0.0,0.0,0.0,0.0,0.0,0.0,0.0
348,0,0.0,0.0,0.0,0.0,0.0,0.0,0.0,0.0
349,0,0.0,0.0,0.0,0.0,0.0,0.0,0.0,0.0
350,1,0.021030092592592593,0.2514324188232422,0.002221509348601103,0.13323353230953217,0.11398579180240631,0.02947177365422249,0.34992122650146484,0.11973371356725693
351,0,0.0,0.0,0.0,0.0,0.0,0.0,0.0,0.0
352,0,0.0,0.0,0.0,0.0,0.0,0.0,0.0,0.0
353,0,0.0,0.0,0.0,0.0,0.0,0.0,0.0,0.0
354,0,0.0,0.0,0.0,0.0,0.0,0.0,0.0,0.0
355,0,0.0,0.0,0.0,0.0,0.0,0.0,0.0,0.0
356,0,0.0,0.0,0.0,0.0,0.0,0.0,0.0,0.0
357,0,0.0,0.0,0.0,0.0,0.0,0.0,0.0,0.0
358,0,0.0,0.0,0.0,0.0,0.0,0.0,0.0,0.0
359,0,0.0,0.0,0.0,0.0,0.0,0.0,0.0,0.0
360,0,0.0,0.0,0.0,0.0,0.0,0.0,0.0,0.0
361,1,0.019965277777777776,0.9276447296142578,0.030460668727755547,0.00506147975102067,0.0006002009031362832,0.009568991139531136,0.005195787642151117,0.021467985585331917
362,0,0.0,0.0,0.0,0.0,0.0,0.0,0.0,0.0
363,1,0.05390625,0.07000952214002609,0.0002516375679988414,0.00013283986481837928,0.004892196040600538,0.0021702281665056944,0.010751781985163689,0.9117917418479919
364,1,0.0006365740740740741,0.042483601719141006,0.7437896728515625,0.03342520445585251,0.027259616181254387,0.0413019098341465,0.007404067553579807,0.1043359711766243
365,0,0.0,0.0,0.0,0.0,0.0,0.0,0.0,0.0
366,0,0.0,0.0,0.0,0.0,0.0,0.0,0.0,0.0
367,1,0.08391203703703703,0.013454122468829155,0.014228316955268383,0.008383945561945438,0.003813856514170766,0.2890010178089142,0.04587977007031441,0.6252389550209045
368,0,0.0,0.0,0.0,0.0,0.0,0.0,0.0,0.0
369,0,0.0,0.0,0.0,0.0,0.0,0.0,0.0,0.0
370,0,0.0,0.0,0.0,0.0,0.0,0.0,0.0,0.0
371,0,0.0,0.0,0.0,0.0,0.0,0.0,0.0,0.0
372,0,0.0,0.0,0.0,0.0,0.0,0.0,0.0,0.0
373,0,0.0,0.0,0.0,0.0,0.0,0.0,0.0,0.0
374,0,0.0,0.0,0.0,0.0,0.0,0.0,0.0,0.0
375,2,0.006053240740740741,0.07449041306972504,0.1009475365281105,0.5515797138214111,0.1296929121017456,0.26369985938072205,0.12133809924125671,0.2952781915664673
376,0,0.0,0.0,0.0,0.0,0.0,0.0,0.0,0.0
377,1,0.016875,0.014351442456245422,0.00018715273472480476,0.001646447810344398,0.05568674951791763,0.008818278089165688,0.29461461305618286,0.624695360660553
378,0,0.0,0.0,0.0,0.0,0.0,0.0,0.0,0.0
379,0,0.0,0.0,0.0,0.0,0.0,0.0,0.0,0.0
380,0,0.0,0.0,0.0,0.0,0.0,0.0,0.0,0.0
381,0,0.0,0.0,0.0,0.0,0.0,0.0,0.0,0.0
382,0,0.0,0.0,0.0,0.0,0.0,0.0,0.0,0.0
383,0,0.0,0.0,0.0,0.0,0.0,0.0,0.0,0.0
384,0,0.0,0.0,0.0,0.0,0.0,0.0,0.0,0.0
385,0,0.0,0.0,0.0,0.0,0.0,0.0,0.0,0.0
386,0,0.0,0.0,0.0,0.0,0.0,0.0,0.0,0.0
387,0,0.0,0.0,0.0,0.0,0.0,0.0,0.0,0.0
388,0,0.0,0.0,0.0,0.0,0.0,0.0,0.0,0.0
389,0,0.0,0.0,0.0,0.0,0.0,0.0,0.0,0.0
390,0,0.0,0.0,0.0,0.0,0.0,0.0,0.0,0.0
391,0,0.0,0.0,0.0,0.0,0.0,0.0,0.0,0.0
392,0,0.0,0.0,0.0,0.0,0.0,0.0,0.0,0.0
393,0,0.0,0.0,0.0,0.0,0.0,0.0,0.0,0.0
394,0,0.0,0.0,0.0,0.0,0.0,0.0,0.0,0.0
395,0,0.0,0.0,0.0,0.0,0.0,0.0,0.0,0.0
396,0,0.0,0.0,0.0,0.0,0.0,0.0,0.0,0.0
397,0,0.0,0.0,0.0,0.0,0.0,0.0,0.0,0.0
398,0,0.0,0.0,0.0,0.0,0.0,0.0,0.0,0.0
399,0,0.0,0.0,0.0,0.0,0.0,0.0,0.0,0.0
400,1,0.017939814814814815,0.21463525295257568,0.0013730748323723674,0.08118261396884918,0.015928206965327263,0.046871233731508255,0.504560112953186,0.13544948399066925
401,1,0.01767939814814815,0.8166034817695618,0.05667372792959213,0.015936754643917084,0.0055478825233876705,0.04267873242497444,0.0015214061131700873,0.0610380619764328
402,1,0.1174537037037037,0.17705093324184418,0.00034260854590684175,0.029949543997645378,0.1322776973247528,0.0006914259283803403,0.6446369886398315,0.015050895512104034
403,1,0.02704861111111111,0.06813307106494904,0.00012210846762172878,0.00039352383464574814,0.002726266859099269,0.07538465410470963,0.0039908308535814285,0.8492494821548462
404,2,0.05600694444444444,0.34308385848999023,0.01893584243953228,0.06118999794125557,0.004657034296542406,0.008589077740907669,0.0758313536643982,0.7335660457611084
405,4,0.04986111111111111,0.5345471501350403,0.0050351303070783615,0.2108169049024582,0.5619627833366394,0.3043064773082733,0.03040064126253128,0.0762762799859047
406,0,0.0,0.0,0.0,0.0,0.0,0.0,0.0,0.0
407,3,0.08856481481481482,0.13863839209079742,0.0761069804430008,0.12390665709972382,0.05162898078560829,0.0955910012125969,0.7132815718650818,0.7850974798202515
408,0,0.0,0.0,0.0,0.0,0.0,0.0,0.0,0.0
409,2,0.13389467592592594,0.04494664445519447,0.0009376018424518406,0.0014958493411540985,0.0025806648191064596,0.09603586792945862,0.031201882287859917,0.9221000671386719
410,3,0.13900462962962962,0.29461297392845154,0.00849931500852108,0.001190717564895749,0.9402003884315491,0.2508588135242462,0.08177999407052994,0.8885185122489929
411,3,0.02949074074074074,0.6536424160003662,0.44373440742492676,0.2027100920677185,0.4633687436580658,0.21154457330703735,0.1870209127664566,0.08409824222326279
412,2,0.06731481481481481,0.1616106629371643,0.0037392638623714447,0.01607588492333889,0.004755674861371517,0.20586320757865906,0.6902384161949158,0.6115948557853699
413,2,0.1514236111111111,0.4732106626033783,8.01219284767285e-05,0.0471235066652298,0.0014222756726667285,0.07269105315208435,0.6871607303619385,0.3807445466518402
414,3,0.08338541666666667,0.671746015548706,0.24026286602020264,0.011719116941094398,0.7783218622207642,0.006902777124196291,0.00827966257929802,0.05232952535152435
415,3,0.1290625,0.24520739912986755,0.605513334274292,0.004581546410918236,0.8741108775138855,0.09745750576257706,0.007396599743515253,0.06440939754247665
416,2,0.0958449074074074,0.018401004374027252,0.004917098209261894,0.002319861436262727,0.9909374117851257,0.0005573356756940484,0.018320877104997635,0.011900043115019798
417,2,0.05263888888888889,0.5781303644180298,0.00048004506970755756,0.0013122260570526123,0.0008739056647755206,0.1089571937918663,0.0027626168448477983,0.7783414125442505
418,3,0.032413194444444446,0.3387911319732666,0.02816719561815262,0.017271868884563446,0.9018726348876953,0.18207824230194092,0.3225992023944855,0.21836844086647034
419,0,0.0,0.0,0.0,0.0,0.0,0.0,0.0,0.0
420,1,0.060162037037037035,0.117049440741539,0.014394485391676426,0.0027720769867300987,0.8256316184997559,0.002653728937730193,0.01981794647872448,0.017680728808045387
421,3,0.1960300925925926,0.05678807199001312,0.0003883817989844829,0.02406899817287922,0.268553763628006,0.4163128137588501,0.09234405308961868,0.905096173286438
422,1,0.019849537037037037,0.016962671652436256,0.00014163572632241994,0.012460456229746342,0.008982542902231216,0.007673107553273439,0.935390293598175,0.018389351665973663
423,1,0.010625,0.037466421723365784,0.0040718079544603825,0.032103464007377625,0.2821507155895233,0.41937997937202454,0.1974467933177948,0.02738080732524395
424,1,0.07611111111111112,0.020464308559894562,8.773635636316612e-05,5.6583194236736745e-05,0.0005021828692406416,0.02111620083451271,0.002287885406985879,0.9554851055145264
425,1,0.033854166666666664,0.009771537967026234,0.0002639938611537218,0.0007003488135524094,0.2469867467880249,0.07987017184495926,0.16849713027477264,0.49391013383865356
426,1,0.017569444444444443,0.03991038352251053,0.1393170952796936,0.000741055584512651,0.06949132680892944,0.26062190532684326,0.010015228763222694,0.47990304231643677
427,1,0.07199652777777778,0.1518903225660324,0.0005648285150527954,0.005483819637447596,0.026679230853915215,0.028417691588401794,0.03177009895443916,0.7551940083503723
428,1,0.007048611111111111,0.07284819334745407,0.0001534729526611045,0.01205272413790226,0.042431388050317764,0.004426463041454554,0.7679861187934875,0.10010157525539398
429,1,0.00625,0.47519028186798096,0.00030512805096805096,0.006146085448563099,0.21299099922180176,0.010038277134299278,0.2258787751197815,0.06945051997900009
430,1,0.04131944444444444,0.0031714520882815123,0.013817976228892803,0.0003052011306863278,0.5769959688186646,0.09948267042636871,0.025569822639226913,0.2806568145751953
431,3,0.037488425925925925,0.9693825244903564,0.004463711753487587,0.8244884610176086,0.0021445767488330603,0.10369500517845154,0.011496753431856632,0.05770743638277054
432,1,0.04266203703703704,0.6139249801635742,0.0024349968880414963,0.011119745671749115,0.19296467304229736,0.005372964311391115,0.17212994396686554,0.002052640775218606
433,1,0.10980902777777778,0.054103951901197433,0.0018453686498105526,0.000501598755363375,0.1486496925354004,0.09636487066745758,0.0027680571656674147,0.6957663893699646
434,1,0.03644675925925926,0.09656193107366562,0.015251529403030872,0.0011283099884167314,0.017367929220199585,0.0960693433880806,0.05788387358188629,0.7157370448112488
435,1,0.025925925925925925,0.009096706286072731,2.3933702323120087e-05,0.00016099042841233313,0.0005100778071209788,0.01913202740252018,0.7856313586235046,0.1854449361562729
436,1,0.03895833333333333,0.001088688150048256,0.8963614702224731,0.000998066971078515,0.012730499729514122,0.010808811523020267,0.004816937725991011,0.07319566607475281
437,1,0.07506944444444444,0.7497360706329346,0.07277808338403702,0.03533783182501793,0.008641539141535759,0.016180839389562607,0.08364605903625488,0.033679548650979996
438,1,0.2109375,0.006291296798735857,0.0032798247411847115,0.004792829975485802,0.45378386974334717,0.49712613224983215,0.012864773161709309,0.021861298009753227
439,1,0.19225694444444444,0.0038116101641207933,0.0004357318684924394,0.022976912558078766,0.10820452868938446,0.1741761714220047,0.08327028155326843,0.6071246862411499
440,1,0.007893518518518518,0.013086448423564434,0.8493061661720276,0.0004251368809491396,0.13168370723724365,0.003509541042149067,0.00019325590983498842,0.0017957146046683192
441,1,0.04496527777777778,0.29154205322265625,0.27320361137390137,0.000589053553994745,0.2476588785648346,0.034670036286115646,0.00071711465716362,0.15161921083927155
442,1,0.0376099537037037,0.2578423321247101,0.086652010679245,0.0017339696642011404,0.5034622550010681,0.03580393269658089,0.0015418201219290495,0.11296366155147552
443,1,0.05416666666666667,0.27857065200805664,0.08415742218494415,0.001059206435456872,0.41913607716560364,0.03064790368080139,0.0014835053589195013,0.18494513630867004
444,1,0.05979166666666667,0.08303574472665787,0.2902020215988159,0.0008035266073420644,0.5368533134460449,0.016716694459319115,0.001019393908791244,0.07136933505535126
445,1,0.059305555555555556,0.09079595655202866,0.5019802451133728,0.0005374794127419591,0.34074604511260986,0.02126457914710045,0.0006683421670459211,0.04400737211108208
446,1,0.059305555555555556,0.04431234672665596,0.6580010652542114,0.0004242814611643553,0.26004722714424133,0.011832192540168762,0.0005363895907066762,0.02484656497836113
447,1,0.04990740740740741,0.6757102012634277,0.17013099789619446,0.0004912940785288811,0.06809084862470627,0.022118810564279556,0.0004692205402534455,0.06298863887786865
448,1,0.05109375,0.5086460113525391,0.031613465398550034,0.0011740815825760365,0.2644883096218109,0.05024455487728119,0.0020831136498600245,0.1417504996061325
449,1,0.049074074074074076,0.155111163854599,0.013645263388752937,0.0006542827468365431,0.4273066520690918,0.025389034301042557,0.000600048981141299,0.37729355692863464
450,1,0.041527777777777775,0.7160418033599854,0.17642554640769958,0.0008320194901898503,0.008763598278164864,0.04267358407378197,0.0008913565543480217,0.054372116923332214
451,1,0.05296875,0.8733361959457397,0.0590168796479702,0.00022543910017702729,0.0010602340335026383,0.034068576991558075,0.00018115040438715369,0.032111555337905884
452,1,0.04920138888888889,0.955976665019989,0.01969112455844879,0.000286490743746981,0.001989180687814951,0.00350148044526577,0.0003428570635151118,0.01821213774383068
453,1,0.045821759259259257,0.3863072097301483,0.3080974221229553,0.0018625430529937148,0.08174131065607071,0.06714285165071487,0.0013583437539637089,0.15349024534225464
454,1,0.0376099537037037,0.5850725173950195,0.19177205860614777,0.005664433818310499,0.00903782993555069,0.1616121083498001,0.0017652795650064945,0.04507577791810036
455,1,0.0376099537037037,0.5236444473266602,0.3692087233066559,0.0048924717120826244,0.004514891188591719,0.073023721575737,0.0017709315288811922,0.022944800555706024
456,1,0.027430555555555555,0.6280736923217773,0.18490596115589142,0.0010363023029640317,0.09985589981079102,0.04783692583441734,0.0008023472037166357,0.03748895600438118
457,1,0.0512037037037037,0.6228460669517517,0.004125898703932762,0.00048454635543748736,0.0031315020751208067,0.13219784200191498,0.00022248143795877695,0.23699159920215607
458,0,0.0,0.0,0.0,0.0,0.0,0.0,0.0,0.0
459,1,0.030555555555555555,0.9332225918769836,0.005383441690355539,0.00016104198584798723,0.0019447922240942717,0.026075122877955437,0.00011420087685110047,0.033098772168159485
460,0,0.0,0.0,0.0,0.0,0.0,0.0,0.0,0.0
461,0,0.0,0.0,0.0,0.0,0.0,0.0,0.0,0.0
462,0,0.0,0.0,0.0,0.0,0.0,0.0,0.0,0.0
463,0,0.0,0.0,0.0,0.0,0.0,0.0,0.0,0.0
464,1,0.08559027777777778,0.0021632795687764883,2.3584256268804893e-05,0.0010323583846911788,0.05884028598666191,0.0016280363779515028,0.8436622619628906,0.0926501527428627
465,0,0.0,0.0,0.0,0.0,0.0,0.0,0.0,0.0
466,0,0.0,0.0,0.0,0.0,0.0,0.0,0.0,0.0
467,1,0.09866898148148148,0.8752878904342651,0.05710703879594803,0.0004204997094348073,0.02939406968653202,0.0007022703066468239,0.00015804676513653249,0.03693009167909622
468,1,0.08344907407407408,0.004082648549228907,0.0006347173475660384,0.0027178553864359856,0.16712109744548798,0.0002507000172045082,0.8241783380508423,0.0010147581342607737
469,1,0.01880787037037037,0.9448707699775696,0.013884369283914566,0.0003147953248117119,0.01914677955210209,0.000696360191795975,0.0006726151914335787,0.020414317026734352
470,1,0.057158564814814815,0.012568824924528599,0.03789587318897247,0.12232662737369537,0.7707023620605469,0.01606806367635727,0.03601207584142685,0.004426189232617617
471,1,0.03833333333333333,0.004850660916417837,0.00104972452390939,0.02144577167928219,0.09548407793045044,0.00739487586542964,0.8614848852157593,0.008290018886327744
472,1,0.06666666666666667,0.10807473957538605,0.06026504933834076,0.0032185339368879795,0.09465248137712479,0.0116014638915658,0.3016591966152191,0.42052847146987915
473,0,0.0,0.0,0.0,0.0,0.0,0.0,0.0,0.0
474,1,0.07890625,0.006678219884634018,0.0006209478597156703,0.0016541365766897798,0.5798495411872864,0.0038034296594560146,0.31769633293151855,0.08969738334417343
475,1,0.06898726851851852,0.0015310163144022226,0.00015551997057627887,0.0013036077143624425,0.042438723146915436,0.00016591858002357185,0.9534438848495483,0.000961353478487581
476,0,0.0,0.0,0.0,0.0,0.0,0.0,0.0,0.0
477,0,0.0,0.0,0.0,0.0,0.0,0.0,0.0,0.0
478,1,0.0888136574074074,0.011048256419599056,0.0077813370153307915,0.0038876994512975216,0.7620571255683899,0.0012378906831145287,0.1633901298046112,0.05059763416647911
479,0,0.0,0.0,0.0,0.0,0.0,0.0,0.0,0.0
480,0,0.0,0.0,0.0,0.0,0.0,0.0,0.0,0.0
481,0,0.0,0.0,0.0,0.0,0.0,0.0,0.0,0.0
482,0,0.0,0.0,0.0,0.0,0.0,0.0,0.0,0.0
483,0,0.0,0.0,0.0,0.0,0.0,0.0,0.0,0.0
484,0,0.0,0.0,0.0,0.0,0.0,0.0,0.0,0.0
485,0,0.0,0.0,0.0,0.0,0.0,0.0,0.0,0.0
486,0,0.0,0.0,0.0,0.0,0.0,0.0,0.0,0.0
487,0,0.0,0.0,0.0,0.0,0.0,0.0,0.0,0.0
488,0,0.0,0.0,0.0,0.0,0.0,0.0,0.0,0.0
489,0,0.0,0.0,0.0,0.0,0.0,0.0,0.0,0.0
490,0,0.0,0.0,0.0,0.0,0.0,0.0,0.0,0.0
491,0,0.0,0.0,0.0,0.0,0.0,0.0,0.0,0.0
492,0,0.0,0.0,0.0,0.0,0.0,0.0,0.0,0.0
493,0,0.0,0.0,0.0,0.0,0.0,0.0,0.0,0.0
494,0,0.0,0.0,0.0,0.0,0.0,0.0,0.0,0.0
495,0,0.0,0.0,0.0,0.0,0.0,0.0,0.0,0.0
496,0,0.0,0.0,0.0,0.0,0.0,0.0,0.0,0.0
497,0,0.0,0.0,0.0,0.0,0.0,0.0,0.0,0.0
498,0,0.0,0.0,0.0,0.0,0.0,0.0,0.0,0.0
499,0,0.0,0.0,0.0,0.0,0.0,0.0,0.0,0.0
500,0,0.0,0.0,0.0,0.0,0.0,0.0,0.0,0.0
501,0,0.0,0.0,0.0,0.0,0.0,0.0,0.0,0.0
502,0,0.0,0.0,0.0,0.0,0.0,0.0,0.0,0.0
503,0,0.0,0.0,0.0,0.0,0.0,0.0,0.0,0.0
504,0,0.0,0.0,0.0,0.0,0.0,0.0,0.0,0.0
505,1,0.006666666666666667,0.01159739401191473,5.1641145546454936e-05,0.4396387040615082,0.05747465044260025,0.06909628212451935,0.013391951099038124,0.4087493121623993
506,0,0.0,0.0,0.0,0.0,0.0,0.0,0.0,0.0
507,1,0.0422337962962963,0.0,0.0,0.0,0.0,0.0,0.0,0.0
508,1,0.02177662037037037,0.6858997344970703,0.19252797961235046,0.029841016978025436,0.0059685190208256245,0.02013746090233326,0.02939324826002121,0.03623209521174431
509,12,0.09237268518518518,0.9689656496047974,0.08532292395830154,0.14461255073547363,0.5303555130958557,0.3006158769130707,0.3954758644104004,0.6884231567382812
510,0,0.0,0.0,0.0,0.0,0.0,0.0,0.0,0.0
511,1,0.0042592592592592595,0.9398805499076843,0.0044746701605618,0.008344285190105438,0.005489541217684746,0.019681381061673164,0.0198675524443388,0.002262077759951353
512,4,0.003969907407407407,0.0014874027110636234,0.00041048263665288687,0.1829131543636322,0.49782001972198486,0.017572501674294472,0.9419171810150146,0.023437712341547012
513,2,0.023125,0.16545817255973816,0.18556414544582367,0.05713030695915222,0.21934710443019867,0.2955167293548584,0.02436567284166813,0.0526178739964962
514,0,0.0,0.0,0.0,0.0,0.0,0.0,0.0,0.0
515,2,0.07797453703703704,0.756758987903595,0.0002716114104259759,0.13473865389823914,0.1481979936361313,0.042474955320358276,0.1659347265958786,0.06822535395622253
516,2,0.016059027777777776,0.7969604730606079,0.004169564228504896,0.0021074244286864996,0.07878423482179642,0.018106609582901,0.03052336350083351,0.46854129433631897
517,0,0.0,0.0,0.0,0.0,0.0,0.0,0.0,0.0
518,2,0.05197916666666667,0.37296196818351746,0.006322982721030712,0.13118666410446167,0.008968557231128216,0.16711659729480743,0.30887800455093384,0.5247179269790649
519,1,0.01876736111111111,0.032150231301784515,0.010205015540122986,0.008561063557863235,0.045364849269390106,0.5418819785118103,0.1616266667842865,0.20021022856235504
520,1,0.05853587962962963,0.9611100554466248,0.002170112682506442,0.0004605446010828018,0.00029688439099118114,0.010319666005671024,0.0011415445478633046,0.024501288309693336
521,3,0.10805555555555556,0.004884467925876379,4.214601358398795e-05,0.06719710677862167,0.043564483523368835,0.0018585287034511566,0.8567363619804382,0.025716910138726234
522,0,0.0,0.0,0.0,0.0,0.0,0.0,0.0,0.0
523,1,0.10070601851851851,0.0004607205337379128,1.6197724107769318e-05,0.004347147420048714,0.00024839944671839476,0.00033298469497822225,0.9935073852539062,0.0010871635749936104
524,0,0.0,0.0,0.0,0.0,0.0,0.0,0.0,0.0
525,1,0.037384259259259256,0.00017747881065588444,8.469419117318466e-05,0.010965423658490181,0.836426854133606,0.13355611264705658,0.01776532456278801,0.0010241466807201505
526,0,0.0,0.0,0.0,0.0,0.0,0.0,0.0,0.0
527,0,0.0,0.0,0.0,0.0,0.0,0.0,0.0,0.0
528,1,0.07914930555555555,0.004093027673661709,5.59232612431515e-05,0.01975048892199993,0.009097663685679436,0.002626004396006465,0.9259682893753052,0.03840859234333038
529,1,0.07826388888888888,0.0008579205605201423,8.901551154849585e-06,0.02353207767009735,0.0034407072234898806,0.00014641962479799986,0.9696398973464966,0.002374128671362996
530,1,0.11017361111111111,5.453143239719793e-05,1.6967951523838565e-05,0.0011593367671594024,0.9922426342964172,0.00032293418189510703,0.0060958582907915115,0.00010758556163636968
531,1,0.08263888888888889,0.00010555389599176124,1.5815961887710728e-05,0.016472849994897842,0.04502832144498825,2.5858782464638352e-05,0.9383029937744141,4.865340088144876e-05
532,1,0.06263888888888888,7.196181104518473e-05,2.2240978069021367e-05,0.0001507931883679703,0.9960646033287048,0.0016663911519572139,0.0017362008802592754,0.0002878845843952149
533,1,0.075625,0.002790506463497877,0.001622567418962717,0.18338614702224731,0.0056458148173987865,0.0024427350144833326,0.8014360070228577,0.0026762355118989944
534,1,0.049375,0.005497998557984829,0.0010280282003805041,0.02668050117790699,0.08808248490095139,0.5096790194511414,0.3345153033733368,0.034516654908657074
535,1,0.06319444444444444,0.0007401596521958709,0.9808291792869568,0.009926828555762768,1.0584773917798884e-05,0.0011347588151693344,0.007051696069538593,0.00030683621298521757
536,1,0.06666666666666667,0.0020461678504943848,6.919769657542929e-05,0.028861289843916893,0.009017227217555046,0.001569886226207018,0.956076443195343,0.002359798876568675
537,2,0.018234953703703705,0.6328248381614685,0.0010796403512358665,0.009971861727535725,0.0655241534113884,0.22933094203472137,0.4149130880832672,0.2390768826007843
538,1,0.02697337962962963,0.00536447623744607,0.00025440609897486866,0.019994838163256645,0.010858890600502491,0.0007745031034573913,0.9597777128219604,0.0029751001857221127
539,1,0.08263888888888889,0.002301314612850547,2.1250194549793378e-05,0.021665094420313835,0.009392878040671349,0.0011432963656261563,0.9556357860565186,0.009840338490903378
540,0,0.0,0.0,0.0,0.0,0.0,0.0,0.0,0.0
541,0,0.0,0.0,0.0,0.0,0.0,0.0,0.0,0.0
542,1,0.06668981481481481,0.0006095660501159728,0.00010933504381682724,0.0009807690512388945,0.4062756896018982,8.154767419910058e-05,0.5912837982177734,0.0006592716090381145
543,0,0.0,0.0,0.0,0.0,0.0,0.0,0.0,0.0
544,0,0.0,0.0,0.0,0.0,0.0,0.0,0.0,0.0
545,1,0.06690972222222222,0.007091762963682413,0.0003654361644294113,0.0006631582509726286,0.4216887056827545,0.005544750485569239,0.06335792690515518,0.5012882947921753
546,1,0.016203703703703703,0.10937654227018356,0.7889461517333984,0.050770267844200134,0.02059570886194706,0.02345009334385395,0.0013720664428547025,0.005489249713718891
547,1,0.15779513888888888,3.758270395337604e-05,0.001470419461838901,2.7363912522559986e-05,0.9950695037841797,1.6679659893270582e-05,0.002088850364089012,0.0012896344996988773
548,0,0.0,0.0,0.0,0.0,0.0,0.0,0.0,0.0
549,3,0.010121527777777778,0.0,0.0,0.0,0.0,0.0,0.0,0.0
550,0,0.0,0.0,0.0,0.0,0.0,0.0,0.0,0.0
551,3,0.028628472222222222,0.013084442354738712,0.001273349393159151,0.4173034429550171,0.9727066159248352,0.037795208394527435,0.4069886803627014,0.04219682514667511
552,1,0.008703703703703703,0.03238096088171005,0.0005442528054118156,0.0039644790813326836,0.07097969949245453,0.7149168252944946,0.02289971150457859,0.15431416034698486
553,1,0.009166666666666667,0.0032038381323218346,0.0006681674858555198,0.007346776779741049,0.0006436381954699755,0.5161148309707642,0.21408860385417938,0.25793421268463135
554,1,0.010677083333333334,0.6531301736831665,0.026011157780885696,0.030935585498809814,0.16259640455245972,0.06061902269721031,0.017014682292938232,0.049692995846271515
555,1,0.008784722222222222,0.06672029942274094,0.2809799313545227,0.02372947335243225,0.008837595582008362,0.15464593470096588,0.04692402109503746,0.41816264390945435
556,1,0.00771412037037037,0.0066258604638278484,0.0013376737479120493,0.010061975568532944,0.002323514549061656,0.5934751629829407,0.03388720005750656,0.3522885739803314
557,1,0.009166666666666667,0.0019401487661525607,0.0003019098367076367,0.004194014240056276,0.0010473268339410424,0.23868389427661896,0.6748067736625671,0.07902597635984421
558,1,0.009444444444444445,0.2949235737323761,0.005074427928775549,0.01805846393108368,0.13726988434791565,0.19797758758068085,0.07727263122797012,0.2694234251976013
559,1,0.00771412037037037,0.16649557650089264,0.001230833469890058,0.012884235009551048,0.001844697049818933,0.6229663491249084,0.006915814243257046,0.18766246736049652
560,1,0.07883101851851852,0.04005275294184685,0.008633931167423725,0.0017676758579909801,0.7465627193450928,0.0045690154656767845,0.0184377022087574,0.17997610569000244
561,1,0.014340277777777778,0.39194560050964355,0.02262367308139801,0.000466415862319991,0.4289228022098541,0.006293330807238817,0.0031387244816869497,0.14660945534706116
562,1,0.02095486111111111,0.6131355166435242,0.018022028729319572,0.00024719847715459764,0.1677396148443222,0.011234632693231106,0.0008762801880948246,0.1887446939945221
563,1,0.02065972222222222,0.5036287903785706,0.06850240379571915,0.0006907466449774802,0.247599259018898,0.015748267993330956,0.004453611560165882,0.15937702357769012
564,2,0.04987268518518519,0.007334494031965733,0.0014299507020041347,0.0007166729774326086,0.9743363261222839,0.0008457332733087242,0.08085887879133224,0.020407933741807938
565,1,0.017569444444444443,0.7874045968055725,0.0306622963398695,0.00056459876941517,0.0739060714840889,0.00796931330114603,0.003185850102454424,0.09630733728408813
566,2,0.05824652777777778,0.23671133816242218,0.01173532847315073,0.00038535246858373284,0.6585390567779541,0.7806978225708008,0.0022839840967208147,0.08435730636119843
567,1,0.01767939814814815,0.0020199748687446117,0.0001652455102885142,0.0003882820310536772,0.9645500779151917,8.678983431309462e-05,0.03254660218954086,0.00024299063079524785
568,2,0.03953125,0.10057616978883743,0.009848730638623238,0.020293783396482468,0.6235819458961487,0.7379745841026306,0.1484433263540268,0.2455752193927765
569,1,0.07944444444444444,0.05473168566823006,0.013870466500520706,0.03148283809423447,0.008801421150565147,0.718391478061676,0.026637569069862366,0.1460845023393631
570,1,0.02065972222222222,0.23407025635242462,0.042641181498765945,0.0008670188835822046,0.45816731452941895,0.01762951724231243,0.00392060587182641,0.24270404875278473
571,2,0.09884259259259259,0.18717871606349945,0.04066447168588638,0.05484035238623619,0.6604552268981934,0.006556483451277018,0.9365665316581726,0.10091066360473633
572,1,0.019282407407407408,0.37315112352371216,0.15399889647960663,0.0007518120110034943,0.29458683729171753,0.013642005622386932,0.004566160496324301,0.15930317342281342
573,1,0.02125,0.6332454681396484,0.013380315154790878,0.00032595545053482056,0.2372126579284668,0.004777391906827688,0.0013257769169285893,0.10973239690065384
574,1,0.05890625,0.014067248441278934,0.03493252396583557,0.005100425332784653,0.8528248071670532,0.002864317037165165,0.058944884687662125,0.03126588091254234
575,2,0.01868634259259259,0.6942710280418396,0.03332008048892021,0.024756837636232376,0.9745961427688599,0.0020044930279254913,0.01879226416349411,0.017585886642336845
576,3,0.05302662037037037,0.41611751914024353,0.11947977542877197,0.0019973614253103733,0.9981157779693604,0.4003210663795471,0.0029085942078381777,0.169866144657135
577,1,0.02125,0.011216751299798489,0.0006776174996048212,0.00023304048227146268,0.9729194641113281,0.00019845073984470218,0.01397697627544403,0.0007776280399411917
578,1,0.12690972222222222,0.0,0.0,0.0,0.0,0.0,0.0,0.0
579,2,0.08123842592592592,0.7488833665847778,0.0028636385686695576,0.046504776924848557,0.004201846197247505,0.08994708955287933,0.04722873121500015,0.06037050485610962
580,0,0.0,0.0,0.0,0.0,0.0,0.0,0.0,0.0
581,0,0.0,0.0,0.0,0.0,0.0,0.0,0.0,0.0
582,0,0.0,0.0,0.0,0.0,0.0,0.0,0.0,0.0
583,0,0.0,0.0,0.0,0.0,0.0,0.0,0.0,0.0
584,0,0.0,0.0,0.0,0.0,0.0,0.0,0.0,0.0
585,0,0.0,0.0,0.0,0.0,0.0,0.0,0.0,0.0
586,0,0.0,0.0,0.0,0.0,0.0,0.0,0.0,0.0
587,0,0.0,0.0,0.0,0.0,0.0,0.0,0.0,0.0
588,0,0.0,0.0,0.0,0.0,0.0,0.0,0.0,0.0
589,0,0.0,0.0,0.0,0.0,0.0,0.0,0.0,0.0
590,0,0.0,0.0,0.0,0.0,0.0,0.0,0.0,0.0
591,0,0.0,0.0,0.0,0.0,0.0,0.0,0.0,0.0
592,0,0.0,0.0,0.0,0.0,0.0,0.0,0.0,0.0
593,0,0.0,0.0,0.0,0.0,0.0,0.0,0.0,0.0
594,0,0.0,0.0,0.0,0.0,0.0,0.0,0.0,0.0
595,0,0.0,0.0,0.0,0.0,0.0,0.0,0.0,0.0
596,0,0.0,0.0,0.0,0.0,0.0,0.0,0.0,0.0
597,1,0.1451388888888889,0.0023377626203000546,0.0003247768909204751,0.0014042817056179047,0.9240905046463013,0.0018000227864831686,0.06282491981983185,0.007217818405479193
598,0,0.0,0.0,0.0,0.0,0.0,0.0,0.0,0.0
599,0,0.0,0.0,0.0,0.0,0.0,0.0,0.0,0.0
600,2,0.09057291666666667,0.013058776035904884,0.0027055591344833374,0.31588056683540344,0.16730743646621704,0.17289282381534576,0.25512439012527466,0.7967334985733032
601,1,0.014004629629629629,0.0735141858458519,9.291020251112059e-05,0.0011425234843045473,0.001083863782696426,0.0024950734805315733,0.07076484709978104,0.8509065508842468
602,1,0.025949074074074076,0.005236739758402109,0.0005277690943330526,0.35970842838287354,0.06520846486091614,0.07653909921646118,0.4846392273902893,0.008140240795910358
603,0,0.0,0.0,0.0,0.0,0.0,0.0,0.0,0.0
604,0,0.0,0.0,0.0,0.0,0.0,0.0,0.0,0.0
605,1,0.06592592592592593,0.0033741560764610767,3.244563049520366e-05,0.750734806060791,9.991355909733102e-05,0.00489231338724494,0.2387399524450302,0.002126488368958235
606,0,0.0,0.0,0.0,0.0,0.0,0.0,0.0,0.0
607,0,0.0,0.0,0.0,0.0,0.0,0.0,0.0,0.0
608,1,0.01484375,0.0014278680318966508,4.597506267600693e-05,0.017963558435440063,0.00010670749907149002,0.0014053704217076302,0.9768341183662415,0.0022164026740938425
609,0,0.0,0.0,0.0,0.0,0.0,0.0,0.0,0.0
610,1,0.016319444444444445,0.0010449106339365244,1.8618646208778955e-05,0.005486734677106142,0.00022949064441490918,0.009855546057224274,0.8627636432647705,0.1206011027097702
611,2,0.06653356481481482,0.004675815347582102,0.00036104500759392977,0.004696561023592949,0.0002462122356519103,0.977012038230896,0.000300811167107895,0.01270750630646944
612,1,0.02753472222222222,0.011714765802025795,3.0005487133166753e-05,0.0001024728044285439,0.001276529161259532,0.05443254113197327,0.0001731736265355721,0.9322704672813416
613,0,0.0,0.0,0.0,0.0,0.0,0.0,0.0,0.0
614,1,0.11540509259259259,0.004023177549242973,0.014087045565247536,0.00455532455816865,0.4632950723171234,0.014741916209459305,0.12320905178785324,0.37608829140663147
615,0,0.0,0.0,0.0,0.0,0.0,0.0,0.0,0.0
616,0,0.0,0.0,0.0,0.0,0.0,0.0,0.0,0.0
617,0,0.0,0.0,0.0,0.0,0.0,0.0,0.0,0.0
618,1,0.033854166666666664,0.7930142879486084,0.0011868256842717528,0.0006690429290756583,0.0008659090381115675,0.08615155518054962,0.0003810219932347536,0.11773134768009186
619,1,0.12586805555555555,0.0013694162480533123,0.03300179913640022,0.0009449732606299222,0.8430982232093811,0.05181857571005821,0.0028581423684954643,0.06690884381532669
620,1,0.10515046296296296,0.008279708214104176,0.004006101284176111,0.04124246537685394,0.20721139013767242,0.023623298853635788,0.5823708772659302,0.1332661211490631
621,2,0.18871527777777777,0.005984002724289894,0.017043964937329292,0.385217547416687,0.13773541152477264,0.2570051848888397,0.6406079530715942,0.13957221806049347
622,1,0.03333333333333333,0.002175315748900175,0.0008134966483339667,0.05151206627488136,0.00271399668417871,0.004281184170395136,0.8840758204460144,0.05442821606993675
623,1,0.025729166666666668,0.2924864590167999,0.0011313315480947495,0.0024431191850453615,0.00635821046307683,0.02153598517179489,0.029993046075105667,0.6460518836975098
624,0,0.0,0.0,0.0,0.0,0.0,0.0,0.0,0.0
625,2,0.04390046296296296,0.004356096964329481,0.00037142643122933805,0.00022898703173268586,0.4063579738140106,0.006648005452007055,0.010298792272806168,0.5717387199401855
626,1,0.08618055555555555,0.0008596836705692112,0.0036183232441544533,0.000249778589932248,0.9356574416160583,0.000777541019488126,0.0013767930213361979,0.057460326701402664
627,1,0.04393518518518519,0.007974449545145035,0.0001052829684340395,0.04706882685422897,0.0038579595275223255,0.0021619873587042093,0.9324424266815186,0.006389070302248001
628,0,0.0,0.0,0.0,0.0,0.0,0.0,0.0,0.0
629,1,0.04398148148148148,0.0007553754840046167,0.00037621651426889,0.013754678890109062,0.13654206693172455,0.018501142039895058,0.037167988717556,0.7929025292396545
630,3,0.2130034722222222,0.0007481252541765571,0.005493704695254564,0.002759604249149561,0.9758322238922119,0.018652379512786865,0.09464073926210403,0.03273720294237137
631,1,0.05758680555555556,0.0,0.0,0.0,0.0,0.0,0.0,0.0
632,0,0.0,0.0,0.0,0.0,0.0,0.0,0.0,0.0
633,2,0.09135416666666667,0.7131636142730713,0.23173382878303528,0.03970235213637352,0.727737545967102,0.012414672411978245,0.016711585223674774,0.22591261565685272
634,1,0.008101851851851851,0.08026459813117981,0.000215212392504327,0.0006738218362443149,0.7170064449310303,0.005829262547194958,0.150976300239563,0.04503440856933594
635,0,0.0,0.0,0.0,0.0,0.0,0.0,0.0,0.0
636,1,0.10397569444444445,0.023074138909578323,0.014020835049450397,0.00104129605460912,0.6694954633712769,0.007527339272201061,0.006349003873765469,0.27849188446998596
637,1,0.019675925925925927,0.0,0.0,0.0,0.0,0.0,0.0,0.0
638,1,0.03913194444444444,0.0010239679832011461,0.0039199343882501125,0.00015017710393294692,0.932655930519104,0.004982092883437872,0.0035145184956490993,0.05375322327017784
639,4,0.19559027777777777,0.3068859279155731,0.040598344057798386,0.010128187946975231,0.6503486037254333,0.00448528490960598,0.5014526844024658,0.2670123279094696
640,0,0.0,0.0,0.0,0.0,0.0,0.0,0.0,0.0
641,0,0.0,0.0,0.0,0.0,0.0,0.0,0.0,0.0
642,0,0.0,0.0,0.0,0.0,0.0,0.0,0.0,0.0
643,0,0.0,0.0,0.0,0.0,0.0,0.0,0.0,0.0
644,0,0.0,0.0,0.0,0.0,0.0,0.0,0.0,0.0
645,0,0.0,0.0,0.0,0.0,0.0,0.0,0.0,0.0
646,0,0.0,0.0,0.0,0.0,0.0,0.0,0.0,0.0
647,0,0.0,0.0,0.0,0.0,0.0,0.0,0.0,0.0
648,0,0.0,0.0,0.0,0.0,0.0,0.0,0.0,0.0
649,0,0.0,0.0,0.0,0.0,0.0,0.0,0.0,0.0
650,1,0.03463541666666667,0.0010769275249913335,0.005403743591159582,0.013040216639637947,0.5503286123275757,0.0005055813817307353,0.4287635385990143,0.0008813330787234008
651,0,0.0,0.0,0.0,0.0,0.0,0.0,0.0,0.0
652,0,0.0,0.0,0.0,0.0,0.0,0.0,0.0,0.0
653,1,0.11649305555555556,0.004755784757435322,0.12811274826526642,0.09145239740610123,0.07256602495908737,0.3476676940917969,0.159815713763237,0.19562968611717224
654,1,0.018229166666666668,0.07425443083047867,0.0021706053521484137,0.3799252510070801,0.20529256761074066,0.03483377769589424,0.2985319495201111,0.004991432651877403
655,1,0.033854166666666664,0.08227851986885071,0.010090677998960018,0.1987561285495758,0.002261803485453129,0.010682318359613419,0.5851861834526062,0.11074437201023102
656,1,0.00024305555555555555,0.0,0.0,0.0,0.0,0.0,0.0,0.0
657,0,0.0,0.0,0.0,0.0,0.0,0.0,0.0,0.0
658,0,0.0,0.0,0.0,0.0,0.0,0.0,0.0,0.0
659,1,0.03300925925925926,0.6828420162200928,0.0007541548111476004,0.08474001288414001,0.004206566605716944,0.001590812811627984,0.2022172510623932,0.023649141192436218
660,1,0.044583333333333336,0.17324946820735931,0.00020084406423848122,0.0008602168527431786,0.006311726290732622,0.003980328794568777,0.32925277948379517,0.4861447215080261
661,1,0.13315972222222222,0.04784375801682472,0.003437770763412118,0.0007864739163778722,0.0033523018937557936,0.01768346317112446,0.23060087859630585,0.6962953805923462
662,1,0.06076388888888889,0.0089578153565526,0.00046157342148944736,0.00011351467401254922,0.011491043493151665,0.020436452701687813,0.08701120316982269,0.8715283870697021
663,1,0.07400462962962963,0.0179526899009943,7.031698623904958e-05,0.0001715407706797123,0.0034132429864257574,0.012484683655202389,0.003500432940199971,0.962407112121582
664,1,0.07398148148148148,0.04219842702150345,0.0001542333629913628,0.0010200495598837733,0.021833453327417374,0.03907902538776398,0.013203972950577736,0.8825108408927917
665,1,0.04232060185185185,0.2860294282436371,0.0008575607207603753,0.00012909127690363675,0.010595649480819702,0.011969785206019878,0.010130601935088634,0.6802879571914673
666,5,0.061828703703703705,0.29089561104774475,0.004063619300723076,0.00955108180642128,0.717724621295929,0.233566015958786,0.01190434955060482,0.7039218544960022
667,1,0.03895833333333333,0.05256421118974686,0.00014249587547965348,0.0008257129811681807,0.00861715991050005,0.03384985774755478,0.11003472656011581,0.7939658164978027
668,2,0.18193287037037037,0.02792610600590706,0.0072990767657756805,0.6784099340438843,0.1792648732662201,0.08104126155376434,0.017017003148794174,0.924816906452179
669,4,0.06784143518518519,0.015064856968820095,0.0034690157044678926,0.0006908549694344401,0.8828385472297668,0.1435864418745041,0.00535766314715147,0.874060869216919
670,2,0.19311342592592592,0.06069961190223694,0.010854174382984638,0.04277847334742546,0.45013427734375,0.2130960375070572,0.10378247499465942,0.32582196593284607
671,1,0.08708912037037037,0.4412498474121094,0.006909747142344713,0.0005566449835896492,0.004408807028084993,0.02525363303720951,0.1537257581949234,0.36789560317993164
672,1,0.1295486111111111,0.04440438002347946,0.0011128404876217246,0.0014511242043226957,0.7191925048828125,0.007882976904511452,0.008139980025589466,0.2178163230419159
673,2,0.12635416666666666,0.039260443300008774,0.0018402570858597755,0.004185921978205442,0.055184945464134216,0.044976651668548584,0.07169442623853683,0.98574298620224
674,4,0.05794560185185185,0.3241797983646393,0.023172510787844658,0.005475957877933979,0.63239985704422,0.3012665808200836,0.4447755217552185,0.7814382910728455
675,0,0.0,0.0,0.0,0.0,0.0,0.0,0.0,0.0
676,3,0.13973958333333333,0.41387856006622314,0.00017546219169162214,0.00048533020890317857,0.005630251485854387,0.245086669921875,0.001829678425565362,0.8013707399368286
677,4,0.04826388888888889,0.9610170125961304,0.016706038266420364,0.004754962865263224,0.8625766634941101,0.1413320004940033,0.14373506605625153,0.8355032205581665
678,1,0.08217592592592593,0.010454276576638222,0.0022048403043299913,0.00017704676429275423,0.4006357789039612,0.16257284581661224,0.004639563616365194,0.4193155765533447
679,1,0.07552083333333333,0.06347862631082535,0.09915854781866074,0.0005052859778515995,0.6517336964607239,0.005527363624423742,0.018250923603773117,0.16134558618068695
680,2,0.04106481481481482,0.0019886335358023643,0.002598279155790806,0.002661067759618163,0.9978420734405518,0.008755682036280632,0.23435047268867493,0.3450283408164978
681,2,0.09607060185185186,0.08830158412456512,0.052360087633132935,0.0009856089018285275,0.6898963451385498,0.006554554682224989,0.06129501760005951,0.33201828598976135
682,2,0.04033564814814815,0.9512297511100769,0.0018029430648311973,0.00036278957850299776,0.996871292591095,0.007324904203414917,0.0006490916130132973,0.03971163183450699
683,3,0.14825810185185184,0.7348278164863586,0.052877869457006454,0.00031830379157327116,0.9953212141990662,0.0297140721231699,0.002572066383436322,0.21065250039100647
684,1,0.04334490740740741,0.010307585820555687,1.0044674127129838e-05,0.8495049476623535,9.185661474475637e-05,0.00013647298328578472,0.1397329568862915,0.00021615467267110944
685,5,0.05275462962962963,0.17264461517333984,0.05864885076880455,0.076323002576828,0.9747637510299683,0.6536779999732971,0.21805118024349213,0.8142759203910828
686,1,0.0647337962962963,0.0014236418064683676,0.000811068806797266,0.00027019556728191674,0.6269227266311646,0.06695343554019928,0.002439777832478285,0.3011791408061981
687,9,0.03056134259259259,0.9856573939323425,0.011877752840518951,0.004548949189484119,0.9983353018760681,0.04352135211229324,0.013727338053286076,0.8849345445632935
688,1,0.03903356481481481,0.08018134534358978,0.0009515588171780109,0.0018263421952724457,0.2139427214860916,0.034943513572216034,0.0032328309025615454,0.6649217009544373
689,2,0.05962384259259259,0.0005504986038431525,0.00015743945550639182,9.833877993514761e-05,0.996276319026947,0.004266247618943453,0.05132213234901428,0.004101716913282871
690,1,0.08053240740740741,0.0030728131532669067,2.4053113520494662e-05,3.0575713026337326e-05,0.11086352169513702,0.000755979388486594,0.0016906895907595754,0.8835623264312744
691,0,0.0,0.0,0.0,0.0,0.0,0.0,0.0,0.0
692,1,0.04131944444444444,0.7548044323921204,0.23642128705978394,0.00017535824736114591,0.003406819188967347,0.0011170029174536467,0.00012802753190044314,0.003947054967284203
693,1,0.025694444444444443,0.12377474457025528,0.0004406376392580569,0.0011118175461888313,0.0005751431453973055,0.15099093317985535,0.009722452610731125,0.7133842706680298
694,1,0.03212384259259259,0.030336135998368263,1.6113817764562555e-06,0.0001271318324143067,0.0008484404534101486,1.626904122531414e-05,0.9552305340766907,0.013439880684018135
695,7,0.04886574074074074,0.9110152125358582,0.06001320853829384,0.0037145190872251987,0.978746235370636,0.11703614145517349,0.14655539393424988,0.3637329936027527
696,14,0.0568287037037037,0.9408381581306458,0.047461412847042084,0.5875664949417114,0.9788249135017395,0.3586040139198303,0.13518792390823364,0.8193707466125488
697,3,0.08201967592592592,0.04491234943270683,0.026490814983844757,0.011549844406545162,0.9985145926475525,0.0016132150776684284,0.20000988245010376,0.005586298182606697
698,1,0.04396412037037037,0.8170998692512512,0.021119847893714905,0.0013128345599398017,0.04749099165201187,0.02495385892689228,0.018561748787760735,0.06946083903312683
699,0,0.0,0.0,0.0,0.0,0.0,0.0,0.0,0.0
700,0,0.0,0.0,0.0,0.0,0.0,0.0,0.0,0.0
701,0,0.0,0.0,0.0,0.0,0.0,0.0,0.0,0.0
702,0,0.0,0.0,0.0,0.0,0.0,0.0,0.0,0.0
703,0,0.0,0.0,0.0,0.0,0.0,0.0,0.0,0.0
704,1,0.015023148148148148,0.886731743812561,2.6293255359632894e-05,0.0001240824640262872,0.001860976917669177,0.01572769694030285,1.8359713067184202e-05,0.0955108180642128
705,0,0.0,0.0,0.0,0.0,0.0,0.0,0.0,0.0
706,1,0.015364583333333333,0.004474611487239599,0.00013700049021281302,4.1332961700391024e-05,0.0017878246726468205,0.026858387514948845,0.009859864600002766,0.956840991973877
707,1,0.01871527777777778,0.3623408079147339,0.0004116698110010475,0.00011284303764114156,0.08170290291309357,0.02849717251956463,0.00011677221482386813,0.526817798614502
708,0,0.0,0.0,0.0,0.0,0.0,0.0,0.0,0.0
709,0,0.0,0.0,0.0,0.0,0.0,0.0,0.0,0.0
710,1,0.04904513888888889,0.9204652905464172,4.539587098406628e-05,0.001549399341456592,0.00025681330589577556,0.057805780321359634,0.0002916488447226584,0.019585663452744484
711,1,0.1512037037037037,0.01570441760122776,0.00044485446414910257,0.0030212176498025656,0.5091551542282104,0.0010131143499165773,0.18394415080547333,0.2867170572280884
712,1,0.026574074074074073,0.017452796921133995,4.9049605877371505e-05,6.483835750259459e-05,0.017258474603295326,0.006702675949782133,0.005007243249565363,0.953464925289154
713,0,0.0,0.0,0.0,0.0,0.0,0.0,0.0,0.0
714,1,0.012939814814814815,0.2696438133716583,0.026067961007356644,0.007104137446731329,0.11404701322317123,0.5113493800163269,0.009052149020135403,0.06273546069860458
715,1,0.052083333333333336,0.01372139435261488,2.072844836220611e-05,0.0035698276478797197,0.033538851886987686,0.002116957912221551,0.8753276467323303,0.07170461118221283
716,2,0.004681712962962963,0.7800458669662476,0.00937250629067421,0.07257644832134247,0.028178628534078598,0.06480653584003448,0.03347714617848396,0.44752243161201477
717,0,0.0,0.0,0.0,0.0,0.0,0.0,0.0,0.0
718,0,0.0,0.0,0.0,0.0,0.0,0.0,0.0,0.0
719,0,0.0,0.0,0.0,0.0,0.0,0.0,0.0,0.0
720,0,0.0,0.0,0.0,0.0,0.0,0.0,0.0,0.0
721,0,0.0,0.0,0.0,0.0,0.0,0.0,0.0,0.0
722,0,0.0,0.0,0.0,0.0,0.0,0.0,0.0,0.0
723,0,0.0,0.0,0.0,0.0,0.0,0.0,0.0,0.0
724,0,0.0,0.0,0.0,0.0,0.0,0.0,0.0,0.0
725,3,0.0015972222222222223,0.11565372347831726,0.0020446956623345613,0.21702362596988678,0.11506078392267227,0.01135275885462761,0.5159639120101929,0.022900523617863655
726,0,0.0,0.0,0.0,0.0,0.0,0.0,0.0,0.0
727,0,0.0,0.0,0.0,0.0,0.0,0.0,0.0,0.0
728,0,0.0,0.0,0.0,0.0,0.0,0.0,0.0,0.0
729,0,0.0,0.0,0.0,0.0,0.0,0.0,0.0,0.0
730,0,0.0,0.0,0.0,0.0,0.0,0.0,0.0,0.0
731,0,0.0,0.0,0.0,0.0,0.0,0.0,0.0,0.0
732,0,0.0,0.0,0.0,0.0,0.0,0.0,0.0,0.0
733,0,0.0,0.0,0.0,0.0,0.0,0.0,0.0,0.0
734,0,0.0,0.0,0.0,0.0,0.0,0.0,0.0,0.0
735,0,0.0,0.0,0.0,0.0,0.0,0.0,0.0,0.0
736,0,0.0,0.0,0.0,0.0,0.0,0.0,0.0,0.0
737,0,0.0,0.0,0.0,0.0,0.0,0.0,0.0,0.0
738,0,0.0,0.0,0.0,0.0,0.0,0.0,0.0,0.0
739,0,0.0,0.0,0.0,0.0,0.0,0.0,0.0,0.0
740,0,0.0,0.0,0.0,0.0,0.0,0.0,0.0,0.0
741,0,0.0,0.0,0.0,0.0,0.0,0.0,0.0,0.0
742,0,0.0,0.0,0.0,0.0,0.0,0.0,0.0,0.0
743,0,0.0,0.0,0.0,0.0,0.0,0.0,0.0,0.0
744,2,0.05747685185185185,0.1813032329082489,0.003307362785562873,0.0037320880219340324,0.7591075301170349,0.0684434175491333,0.0398157574236393,0.8241966962814331
745,1,0.019479166666666665,0.447287380695343,0.0006380835548043251,0.023188570514321327,0.01975572109222412,0.29893025755882263,0.19023820757865906,0.019961778074502945
746,1,0.019583333333333335,0.0,0.0,0.0,0.0,0.0,0.0,0.0
747,0,0.0,0.0,0.0,0.0,0.0,0.0,0.0,0.0
748,1,0.07826388888888888,0.2297113537788391,0.06115010753273964,0.22753417491912842,0.0018653348088264465,0.3628058433532715,0.03446677327156067,0.08246644586324692
749,2,0.03402199074074074,0.05760583281517029,0.0007734819082543254,0.0002927396271843463,0.002800361718982458,0.008844421245157719,0.8291162848472595,0.9727244973182678
750,0,0.0,0.0,0.0,0.0,0.0,0.0,0.0,0.0
751,0,0.0,0.0,0.0,0.0,0.0,0.0,0.0,0.0
752,0,0.0,0.0,0.0,0.0,0.0,0.0,0.0,0.0
753,0,0.0,0.0,0.0,0.0,0.0,0.0,0.0,0.0
754,4,0.04071759259259259,0.7333349585533142,0.00364887248724699,0.037073515355587006,0.7237554788589478,0.187872976064682,0.02478347159922123,0.5181432366371155
755,0,0.0,0.0,0.0,0.0,0.0,0.0,0.0,0.0
756,0,0.0,0.0,0.0,0.0,0.0,0.0,0.0,0.0
757,1,0.032407407407407406,0.8639735579490662,0.0015181300695985556,0.002237181179225445,0.053937267512083054,0.004503664094954729,0.007071014493703842,0.06675907224416733
758,0,0.0,0.0,0.0,0.0,0.0,0.0,0.0,0.0
759,0,0.0,0.0,0.0,0.0,0.0,0.0,0.0,0.0
760,0,0.0,0.0,0.0,0.0,0.0,0.0,0.0,0.0
761,1,0.08472222222222223,0.0,0.0,0.0,0.0,0.0,0.0,0.0
762,0,0.0,0.0,0.0,0.0,0.0,0.0,0.0,0.0
763,0,0.0,0.0,0.0,0.0,0.0,0.0,0.0,0.0
764,0,0.0,0.0,0.0,0.0,0.0,0.0,0.0,0.0
765,0,0.0,0.0,0.0,0.0,0.0,0.0,0.0,0.0
766,0,0.0,0.0,0.0,0.0,0.0,0.0,0.0,0.0
767,0,0.0,0.0,0.0,0.0,0.0,0.0,0.0,0.0
768,0,0.0,0.0,0.0,0.0,0.0,0.0,0.0,0.0
769,0,0.0,0.0,0.0,0.0,0.0,0.0,0.0,0.0
770,0,0.0,0.0,0.0,0.0,0.0,0.0,0.0,0.0
771,0,0.0,0.0,0.0,0.0,0.0,0.0,0.0,0.0
772,0,0.0,0.0,0.0,0.0,0.0,0.0,0.0,0.0
773,0,0.0,0.0,0.0,0.0,0.0,0.0,0.0,0.0
774,0,0.0,0.0,0.0,0.0,0.0,0.0,0.0,0.0
775,0,0.0,0.0,0.0,0.0,0.0,0.0,0.0,0.0
776,0,0.0,0.0,0.0,0.0,0.0,0.0,0.0,0.0
777,0,0.0,0.0,0.0,0.0,0.0,0.0,0.0,0.0
778,0,0.0,0.0,0.0,0.0,0.0,0.0,0.0,0.0
779,0,0.0,0.0,0.0,0.0,0.0,0.0,0.0,0.0
780,0,0.0,0.0,0.0,0.0,0.0,0.0,0.0,0.0
781,0,0.0,0.0,0.0,0.0,0.0,0.0,0.0,0.0
782,0,0.0,0.0,0.0,0.0,0.0,0.0,0.0,0.0
783,0,0.0,0.0,0.0,0.0,0.0,0.0,0.0,0.0
784,0,0.0,0.0,0.0,0.0,0.0,0.0,0.0,0.0
785,0,0.0,0.0,0.0,0.0,0.0,0.0,0.0,0.0
786,0,0.0,0.0,0.0,0.0,0.0,0.0,0.0,0.0
787,0,0.0,0.0,0.0,0.0,0.0,0.0,0.0,0.0
788,0,0.0,0.0,0.0,0.0,0.0,0.0,0.0,0.0
789,0,0.0,0.0,0.0,0.0,0.0,0.0,0.0,0.0
790,0,0.0,0.0,0.0,0.0,0.0,0.0,0.0,0.0
791,0,0.0,0.0,0.0,0.0,0.0,0.0,0.0,0.0
792,0,0.0,0.0,0.0,0.0,0.0,0.0,0.0,0.0
793,0,0.0,0.0,0.0,0.0,0.0,0.0,0.0,0.0
794,0,0.0,0.0,0.0,0.0,0.0,0.0,0.0,0.0
795,0,0.0,0.0,0.0,0.0,0.0,0.0,0.0,0.0
796,0,0.0,0.0,0.0,0.0,0.0,0.0,0.0,0.0
797,0,0.0,0.0,0.0,0.0,0.0,0.0,0.0,0.0
798,0,0.0,0.0,0.0,0.0,0.0,0.0,0.0,0.0
799,0,0.0,0.0,0.0,0.0,0.0,0.0,0.0,0.0
800,2,0.1503761574074074,0.00735135842114687,0.001369346515275538,0.01729641482234001,0.8262033462524414,0.02227863296866417,0.6746272444725037,0.27309247851371765
801,0,0.0,0.0,0.0,0.0,0.0,0.0,0.0,0.0
802,0,0.0,0.0,0.0,0.0,0.0,0.0,0.0,0.0
803,0,0.0,0.0,0.0,0.0,0.0,0.0,0.0,0.0
804,0,0.0,0.0,0.0,0.0,0.0,0.0,0.0,0.0
805,1,0.10836226851851852,0.0204886794090271,0.0005122030270285904,0.14378780126571655,0.0029188026674091816,0.0095871202647686,0.7628423571586609,0.059863075613975525
806,0,0.0,0.0,0.0,0.0,0.0,0.0,0.0,0.0
807,0,0.0,0.0,0.0,0.0,0.0,0.0,0.0,0.0
808,0,0.0,0.0,0.0,0.0,0.0,0.0,0.0,0.0
809,0,0.0,0.0,0.0,0.0,0.0,0.0,0.0,0.0
810,0,0.0,0.0,0.0,0.0,0.0,0.0,0.0,0.0
811,0,0.0,0.0,0.0,0.0,0.0,0.0,0.0,0.0
812,1,0.07949074074074074,0.0007069925777614117,2.0092860722797923e-05,0.011059883050620556,2.6056084607262164e-05,0.00036811837344430387,0.9866624474525452,0.0011564656160771847
813,1,0.08391203703703703,0.014490030705928802,3.9780879887985066e-05,0.04952894523739815,0.0028542582876980305,0.06002746894955635,0.5776035785675049,0.2954559624195099
814,1,0.1671875,0.0005179114523343742,9.129927093454171e-06,0.0009414654923602939,0.0020971165504306555,9.569455141900107e-05,0.9921361207962036,0.004202607553452253
815,1,0.20041666666666666,0.1641797125339508,0.008097905665636063,0.4185941219329834,5.317831164575182e-05,0.2855394780635834,0.072782501578331,0.05075309798121452
816,0,0.0,0.0,0.0,0.0,0.0,0.0,0.0,0.0
817,2,0.012291666666666666,0.9885079264640808,0.009056182578206062,0.02812686748802662,0.12082353234291077,0.15346263349056244,0.025427233427762985,0.14725901186466217
818,1,0.12526041666666668,0.0,0.0,0.0,0.0,0.0,0.0,0.0
819,0,0.0,0.0,0.0,0.0,0.0,0.0,0.0,0.0
820,2,0.10567708333333334,0.003829327644780278,0.0005243265186436474,0.045838676393032074,0.011415661312639713,0.0002527093456592411,0.9590174555778503,0.009611686691641808
821,0,0.0,0.0,0.0,0.0,0.0,0.0,0.0,0.0
822,1,0.08530092592592593,0.049774397164583206,0.0003136370796710253,0.00011318113683955744,0.023909693583846092,0.007890582084655762,0.0026019648648798466,0.9153965711593628
823,0,0.0,0.0,0.0,0.0,0.0,0.0,0.0,0.0
824,1,0.08628472222222222,0.007539171259850264,5.0237849791301414e-05,0.0010852793930098414,0.000665675092022866,0.010573920793831348,0.39740753173828125,0.5826781988143921
825,1,0.07769675925925926,0.013018671423196793,7.191058102762327e-05,0.04088984802365303,0.012910558842122555,0.02627032808959484,0.5869910717010498,0.31984761357307434
826,1,0.06050347222222222,0.0020268496591597795,3.06318725051824e-05,0.0010621416149660945,0.006207678001374006,0.033088330179452896,0.6016094088554382,0.35597503185272217
827,1,0.04050925925925926,0.018856042996048927,0.0033446713350713253,0.021612519398331642,0.01057644933462143,0.34727293252944946,0.21391355991363525,0.38442379236221313
828,1,0.10342013888888889,0.003088010009378195,0.00010504330566618592,6.354438664857298e-05,0.021766789257526398,0.032729681581258774,0.0023161147255450487,0.93993079662323
829,1,0.08241319444444445,0.021235890686511993,3.487630601739511e-05,0.22928522527217865,0.0009374218061566353,0.0010093445889651775,0.7347506284713745,0.012746657244861126
830,2,0.11728587962962964,0.00827452540397644,0.0012219158234074712,0.0022538937628269196,0.0031885323114693165,0.042712245136499405,0.027042245492339134,0.9153066873550415
831,1,0.10149305555555556,0.00573684461414814,0.0006186554674059153,0.00435184920206666,0.013659736141562462,0.0011904664570465684,0.9553651809692383,0.01907721348106861
832,1,0.08109953703703704,0.004057344514876604,1.737365164444782e-05,0.20876866579055786,0.0003365243028383702,0.0005463152192533016,0.7838485240936279,0.0024252752773463726
833,1,0.06365740740740741,0.01062791794538498,0.0009358032257296145,0.007641042582690716,0.006732692942023277,0.08298695832490921,0.13723737001419067,0.7538382411003113
834,1,0.0765625,0.00457895640283823,9.057868737727404e-05,0.3423900008201599,0.0022899259347468615,0.0023378045298159122,0.6277135610580444,0.02059912122786045
835,1,0.10201388888888889,0.0006485027843154967,4.443481520866044e-05,0.0009943515760824084,0.0006325693102553487,0.007393111940473318,0.879058837890625,0.11122819781303406
836,1,0.11267361111111111,0.03490690886974335,0.0001333176187472418,0.07791908830404282,0.0031361556611955166,0.03079177998006344,0.14768995344638824,0.7054228186607361
837,2,0.06578703703703703,0.1803479790687561,0.00023302610497921705,0.39110344648361206,0.13059376180171967,0.02456917241215706,0.5741733908653259,0.043237630277872086
838,1,0.10714699074074074,0.001968939555808902,0.0002564788155723363,0.0027433258946985006,0.05564116686582565,0.0005929982289671898,0.902090847492218,0.03670627623796463
839,1,0.11380208333333333,0.0036131171509623528,2.703518475755118e-05,0.19124840199947357,0.00028940101037733257,0.0015017837285995483,0.7975921630859375,0.0057281386107206345
840,0,0.0,0.0,0.0,0.0,0.0,0.0,0.0,0.0
841,0,0.0,0.0,0.0,0.0,0.0,0.0,0.0,0.0
842,0,0.0,0.0,0.0,0.0,0.0,0.0,0.0,0.0
843,0,0.0,0.0,0.0,0.0,0.0,0.0,0.0,0.0
844,0,0.0,0.0,0.0,0.0,0.0,0.0,0.0,0.0
845,0,0.0,0.0,0.0,0.0,0.0,0.0,0.0,0.0
846,0,0.0,0.0,0.0,0.0,0.0,0.0,0.0,0.0
847,0,0.0,0.0,0.0,0.0,0.0,0.0,0.0,0.0
848,0,0.0,0.0,0.0,0.0,0.0,0.0,0.0,0.0
849,0,0.0,0.0,0.0,0.0,0.0,0.0,0.0,0.0
850,0,0.0,0.0,0.0,0.0,0.0,0.0,0.0,0.0
851,0,0.0,0.0,0.0,0.0,0.0,0.0,0.0,0.0
852,0,0.0,0.0,0.0,0.0,0.0,0.0,0.0,0.0
853,0,0.0,0.0,0.0,0.0,0.0,0.0,0.0,0.0
854,0,0.0,0.0,0.0,0.0,0.0,0.0,0.0,0.0
855,0,0.0,0.0,0.0,0.0,0.0,0.0,0.0,0.0
856,0,0.0,0.0,0.0,0.0,0.0,0.0,0.0,0.0
857,0,0.0,0.0,0.0,0.0,0.0,0.0,0.0,0.0
858,0,0.0,0.0,0.0,0.0,0.0,0.0,0.0,0.0
859,0,0.0,0.0,0.0,0.0,0.0,0.0,0.0,0.0
860,1,0.01363425925925926,0.3417152166366577,0.0015485113253816962,0.1427251398563385,0.04709184914827347,0.13382495939731598,0.14620736241340637,0.1868869513273239
861,1,0.1796875,0.3490241765975952,0.007540381047874689,0.0007518383208662271,0.30122390389442444,0.008851567283272743,0.0019880083855241537,0.330620139837265
862,1,0.015179398148148148,0.0005890781176276505,0.0042525650933384895,4.295439794077538e-05,0.9898219108581543,0.0005165967741049826,0.0018824746366590261,0.0028944232035428286
863,4,0.010150462962962964,0.8180408477783203,0.0708405151963234,0.19698978960514069,0.129458487033844,0.2928597331047058,0.737938404083252,0.059505023062229156
864,1,0.028125,0.005255497992038727,0.0013844523346051574,0.004075063858181238,0.6700015664100647,0.005053336266428232,0.20112548768520355,0.11310455948114395
865,1,0.0444212962962963,0.009474199265241623,0.015924064442515373,0.0007436611340381205,0.10349646955728531,0.022665733471512794,0.18781828880310059,0.659877598285675
866,1,0.0012789351851851853,0.08252336829900742,0.22021484375,0.06355741620063782,0.466338187456131,0.023242777213454247,0.09954730421304703,0.044576141983270645
867,2,0.04016782407407407,0.09344157576560974,0.25129806995391846,0.10363772511482239,0.3952302932739258,0.059801291674375534,0.6005753874778748,0.1789584904909134
868,1,0.0012789351851851853,0.07396785914897919,0.12617869675159454,0.04966394975781441,0.5039246678352356,0.017833387479186058,0.18339413404464722,0.04503723978996277
869,1,0.0012037037037037038,0.009598581120371819,0.02122732624411583,0.08682887256145477,0.8309193849563599,0.01642856001853943,0.0009152311249636114,0.03408204764127731
870,1,0.0012789351851851853,0.12028370797634125,0.18245764076709747,0.05477101355791092,0.4211963415145874,0.022180113941431046,0.1077686995267868,0.0913425013422966
871,1,0.015277777777777777,0.00032852086587809026,0.0006961833569221199,0.00013019292964600027,0.9963541030883789,0.0019980857614427805,0.0003569904947653413,0.00013604706327896565
872,2,0.044820601851851855,0.03316007927060127,0.01575753092765808,0.03137386962771416,0.855441153049469,0.06520160287618637,0.02669362910091877,0.8052752017974854
873,0,0.0,0.0,0.0,0.0,0.0,0.0,0.0,0.0
874,1,0.0012789351851851853,0.2230096161365509,0.02237267792224884,0.03656430169939995,0.6032431125640869,0.015372220426797867,0.06082875654101372,0.03860929608345032
875,1,0.0012789351851851853,0.14703987538814545,0.09475980699062347,0.11607173085212708,0.4353152811527252,0.02542196586728096,0.13805289566516876,0.04333845525979996
876,1,0.0012789351851851853,0.009898783639073372,0.1671840101480484,0.06906656920909882,0.5717597007751465,0.019584234803915024,0.09122031927108765,0.07128633558750153
877,1,0.0012789351851851853,0.04327911511063576,0.03453436121344566,0.036686886101961136,0.6955335140228271,0.012730870395898819,0.13001324236392975,0.04722205176949501
878,2,0.058153935185185184,0.1212373748421669,0.15116144716739655,0.09032949060201645,0.4900428354740143,0.03798961639404297,0.7682107090950012,0.07334782928228378
879,1,0.0012789351851851853,0.04349211975932121,0.16516800224781036,0.11148733645677567,0.419057160615921,0.026937788352370262,0.1776372790336609,0.05622032657265663
880,0,0.0,0.0,0.0,0.0,0.0,0.0,0.0,0.0
881,0,0.0,0.0,0.0,0.0,0.0,0.0,0.0,0.0
882,2,0.12752893518518518,0.001328594982624054,0.00014907248259987682,0.010630408301949501,0.01428097765892744,0.0008144882158376276,0.9423680305480957,0.030428411439061165
883,1,0.1686400462962963,8.690010872669518e-05,0.0002917234960477799,0.0004643706779461354,0.06938030570745468,0.0015529760858044028,0.8754485845565796,0.05277510732412338
884,0,0.0,0.0,0.0,0.0,0.0,0.0,0.0,0.0
885,1,0.1463888888888889,0.0003533241106197238,0.00031359511194750667,0.0014355588937178254,0.5179113745689392,8.339661872014403e-05,0.47872233390808105,0.0011804053792729974
886,1,0.046788194444444445,0.0030191820114851,0.0001366475917166099,0.000332643830915913,0.08407540619373322,0.0035217904951423407,0.03975173458456993,0.8691625595092773
887,1,0.08771990740740741,0.000750121776945889,0.00045934467925690114,0.008437784388661385,0.6455551385879517,0.00049568060785532,0.2503739595413208,0.09392796456813812
888,0,0.0,0.0,0.0,0.0,0.0,0.0,0.0,0.0
889,1,0.11840277777777777,0.0037120007909834385,0.0016561703523620963,0.008581302128732204,0.1371355503797531,0.014172312803566456,0.8240301012992859,0.010712560266256332
890,1,0.01570601851851852,0.940453290939331,0.002376914257183671,0.013712489046156406,0.0008118590340018272,0.005646622274070978,0.01241244375705719,0.024586496874690056
891,0,0.0,0.0,0.0,0.0,0.0,0.0,0.0,0.0
892,1,0.10572916666666667,0.0006194367306306958,7.67295277910307e-05,0.01987813226878643,0.0016129219438880682,0.0001305226905969903,0.9765533804893494,0.0011288184905424714
893,0,0.0,0.0,0.0,0.0,0.0,0.0,0.0,0.0
894,0,0.0,0.0,0.0,0.0,0.0,0.0,0.0,0.0
895,0,0.0,0.0,0.0,0.0,0.0,0.0,0.0,0.0
896,0,0.0,0.0,0.0,0.0,0.0,0.0,0.0,0.0
897,0,0.0,0.0,0.0,0.0,0.0,0.0,0.0,0.0
898,0,0.0,0.0,0.0,0.0,0.0,0.0,0.0,0.0
899,0,0.0,0.0,0.0,0.0,0.0,0.0,0.0,0.0
900,0,0.0,0.0,0.0,0.0,0.0,0.0,0.0,0.0
901,1,0.0028587962962962963,0.8397008180618286,0.0252298042178154,0.027950480580329895,0.03687039017677307,0.04676153138279915,0.0011174462269991636,0.022369496524333954
902,0,0.0,0.0,0.0,0.0,0.0,0.0,0.0,0.0
903,18,0.1671585648148148,0.19244104623794556,0.031097546219825745,0.2601102590560913,0.4419105350971222,0.5470375418663025,0.6212886571884155,0.15096516907215118
904,1,0.0030787037037037037,0.03991590440273285,0.010019716806709766,0.046821411699056625,0.058725398033857346,0.6889902949333191,0.006593887694180012,0.1489333212375641
905,1,0.007355324074074074,0.09109635651111603,0.029291244223713875,0.09603817015886307,0.4682886302471161,0.25630128383636475,0.04490859434008598,0.014075697399675846
906,5,0.17953125,0.82464998960495,6.2156243075151e-05,0.00331323966383934,0.004017045721411705,0.015941375866532326,0.0009503813344053924,0.15106578171253204
907,1,0.0052662037037037035,0.8320128917694092,0.03000803105533123,0.018297860398888588,0.005557670257985592,0.010494007728993893,0.08506890386343002,0.018560534343123436
908,17,0.016961805555555556,0.9827390909194946,0.25960683822631836,0.5078409910202026,0.5312645435333252,0.3646226227283478,0.5103754997253418,0.17789161205291748
909,1,0.0027488425925925927,0.6536020636558533,0.0018725645495578647,0.022453509271144867,0.03843161091208458,0.263811856508255,0.0011860241647809744,0.018642354756593704
910,0,0.0,0.0,0.0,0.0,0.0,0.0,0.0,0.0
911,2,0.02902199074074074,0.04052285850048065,0.14958971738815308,0.07052150368690491,0.8099167943000793,0.011044340208172798,0.8524619340896606,0.01039460301399231
912,0,0.0,0.0,0.0,0.0,0.0,0.0,0.0,0.0
913,1,0.03553819444444444,0.08485843986272812,0.0006039374857209623,0.002263155998662114,0.025196217000484467,0.025399113073945045,0.21910518407821655,0.6425740122795105
914,1,0.0044444444444444444,0.013041463680565357,0.0013672224013134837,5.136436448083259e-05,0.9831435084342957,0.00037210245500318706,0.0005463322158902884,0.0014780577039346099
915,2,0.03360532407407407,0.851101279258728,0.000998236471787095,0.00878263358026743,0.02618100307881832,0.10484045743942261,0.0006832131184637547,0.007413146551698446
916,1,0.011655092592592592,0.0021085075568407774,0.0018532522954046726,0.4628913700580597,0.00036094701499678195,0.5069354772567749,0.023980762809515,0.0018696044571697712
917,2,0.02255787037037037,0.0,0.0,0.0,0.0,0.0,0.0,0.0
918,4,0.01994212962962963,0.1314258873462677,0.012374707497656345,0.10358285903930664,0.9899052977561951,0.3907364308834076,0.8777632713317871,0.02556616999208927
919,3,0.0808912037037037,0.04539451375603676,0.0057638720609247684,0.011890875175595284,0.42161136865615845,0.5535341501235962,0.7337945699691772,0.4253588318824768
920,1,0.008778935185185185,0.9667132496833801,0.0003551522677298635,0.00023181043798103929,0.00032106717117130756,0.0031051156111061573,0.0009675336186774075,0.02830594964325428
921,0,0.0,0.0,0.0,0.0,0.0,0.0,0.0,0.0
922,0,0.0,0.0,0.0,0.0,0.0,0.0,0.0,0.0
923,1,0.06180555555555556,0.6590081453323364,0.14421480894088745,0.0005605106125585735,0.08382122218608856,0.0076290457509458065,0.0006466498016379774,0.10411971062421799
924,0,0.0,0.0,0.0,0.0,0.0,0.0,0.0,0.0
925,1,0.07481481481481482,0.35382264852523804,0.6099518537521362,0.012138599529862404,0.016446158289909363,0.0002155283436877653,0.00499488553032279,0.0024304308462888002
926,0,0.0,0.0,0.0,0.0,0.0,0.0,0.0,0.0
927,0,0.0,0.0,0.0,0.0,0.0,0.0,0.0,0.0
928,0,0.0,0.0,0.0,0.0,0.0,0.0,0.0,0.0
929,1,0.08486111111111111,0.050481781363487244,0.6111363768577576,0.0011597954435274005,0.31059524416923523,0.004257940221577883,0.0003732792101800442,0.021995464339852333
930,0,0.0,0.0,0.0,0.0,0.0,0.0,0.0,0.0
931,0,0.0,0.0,0.0,0.0,0.0,0.0,0.0,0.0
932,0,0.0,0.0,0.0,0.0,0.0,0.0,0.0,0.0
933,0,0.0,0.0,0.0,0.0,0.0,0.0,0.0,0.0
934,0,0.0,0.0,0.0,0.0,0.0,0.0,0.0,0.0
935,1,0.1323784722222222,0.0023623714223504066,0.0003067959623876959,0.29468780755996704,0.042920179665088654,0.38945022225379944,0.2081141322851181,0.062158457934856415
936,0,0.0,0.0,0.0,0.0,0.0,0.0,0.0,0.0
937,2,0.050104166666666665,0.38384154438972473,0.0006268132710829377,0.05058334022760391,0.12064235657453537,0.06989460438489914,0.1255236119031906,0.7920920252799988
938,0,0.0,0.0,0.0,0.0,0.0,0.0,0.0,0.0
939,0,0.0,0.0,0.0,0.0,0.0,0.0,0.0,0.0
940,1,0.010381944444444444,0.060200706124305725,0.6960223317146301,0.04616156592965126,0.07826225459575653,0.058991603553295135,0.02804856188595295,0.03231298178434372
941,0,0.0,0.0,0.0,0.0,0.0,0.0,0.0,0.0
942,0,0.0,0.0,0.0,0.0,0.0,0.0,0.0,0.0
943,0,0.0,0.0,0.0,0.0,0.0,0.0,0.0,0.0
944,0,0.0,0.0,0.0,0.0,0.0,0.0,0.0,0.0
945,0,0.0,0.0,0.0,0.0,0.0,0.0,0.0,0.0
946,2,0.015850694444444445,0.0680742934346199,0.013934104703366756,0.4464118480682373,0.2650112211704254,0.05668099597096443,0.02741844579577446,0.12246908247470856
947,0,0.0,0.0,0.0,0.0,0.0,0.0,0.0,0.0
948,0,0.0,0.0,0.0,0.0,0.0,0.0,0.0,0.0
949,0,0.0,0.0,0.0,0.0,0.0,0.0,0.0,0.0
950,0,0.0,0.0,0.0,0.0,0.0,0.0,0.0,0.0
951,0,0.0,0.0,0.0,0.0,0.0,0.0,0.0,0.0
952,1,0.041712962962962966,0.0040296525694429874,2.6596965199132683e-06,0.024718115106225014,0.01799839921295643,1.2250855434103869e-05,0.953177809715271,6.111260881880298e-05
953,1,0.006319444444444444,0.001888988190330565,0.1750318855047226,0.0003638476482592523,0.8071370720863342,0.0023975446820259094,0.0023876973427832127,0.010792974382638931
954,0,0.0,0.0,0.0,0.0,0.0,0.0,0.0,0.0
955,1,0.03328125,0.17259542644023895,0.47688254714012146,0.011915481649339199,0.09956755489110947,0.2065948098897934,0.00792958028614521,0.024514634162187576
956,0,0.0,0.0,0.0,0.0,0.0,0.0,0.0,0.0
957,0,0.0,0.0,0.0,0.0,0.0,0.0,0.0,0.0
958,0,0.0,0.0,0.0,0.0,0.0,0.0,0.0,0.0
959,0,0.0,0.0,0.0,0.0,0.0,0.0,0.0,0.0
960,0,0.0,0.0,0.0,0.0,0.0,0.0,0.0,0.0
961,0,0.0,0.0,0.0,0.0,0.0,0.0,0.0,0.0
962,0,0.0,0.0,0.0,0.0,0.0,0.0,0.0,0.0
963,0,0.0,0.0,0.0,0.0,0.0,0.0,0.0,0.0
964,2,0.005185185185185185,0.05780614912509918,0.00037306486046873033,0.005519438534975052,0.3019879460334778,0.299015074968338,0.021973490715026855,0.31332483887672424
965,1,0.0012962962962962963,0.0,0.0,0.0,0.0,0.0,0.0,0.0
966,0,0.0,0.0,0.0,0.0,0.0,0.0,0.0,0.0
967,0,0.0,0.0,0.0,0.0,0.0,0.0,0.0,0.0
968,1,0.021006944444444446,0.03234756365418434,0.0001461253996239975,0.0014274087734520435,0.000504853087477386,0.083246611058712,0.24986834824085236,0.6324591040611267
969,0,0.0,0.0,0.0,0.0,0.0,0.0,0.0,0.0
970,0,0.0,0.0,0.0,0.0,0.0,0.0,0.0,0.0
971,0,0.0,0.0,0.0,0.0,0.0,0.0,0.0,0.0
972,0,0.0,0.0,0.0,0.0,0.0,0.0,0.0,0.0
973,0,0.0,0.0,0.0,0.0,0.0,0.0,0.0,0.0
974,1,0.010277777777777778,0.5297415852546692,0.0004121912643313408,0.009632688015699387,0.000670807552523911,0.2718031108379364,0.009905996732413769,0.17783376574516296
975,0,0.0,0.0,0.0,0.0,0.0,0.0,0.0,0.0
976,0,0.0,0.0,0.0,0.0,0.0,0.0,0.0,0.0
977,2,0.014924768518518518,0.8935734033584595,0.01909450627863407,0.050530605018138885,0.02732589654624462,0.3083178400993347,0.3323749303817749,0.15804670751094818
978,1,0.0025462962962962965,0.0,0.0,0.0,0.0,0.0,0.0,0.0
979,1,0.016238425925925927,0.4761098027229309,0.003906991798430681,0.004504994489252567,0.009653055109083652,0.004574809689074755,0.10992758721113205,0.39132270216941833
980,1,0.06263888888888888,0.5847461223602295,0.0050734649412333965,0.0006819336558692157,0.0004229528713040054,0.2746315002441406,0.002256384352222085,0.1321876347064972
981,2,0.06235532407407408,0.013274761848151684,0.0020561343990266323,0.007242222782224417,0.9975073933601379,0.021043196320533752,0.46029430627822876,0.41352981328964233
982,1,0.15439814814814815,0.00679147569462657,0.001349608413875103,5.523117943084799e-05,0.01790671795606613,0.005292602349072695,0.0011775630991905928,0.9674267768859863
983,0,0.0,0.0,0.0,0.0,0.0,0.0,0.0,0.0
984,1,0.04125,0.0070516024716198444,0.018289154395461082,0.00700612785294652,0.03436378762125969,0.0045896549709141254,0.8965325951576233,0.03216700255870819
985,2,0.10014467592592592,0.7698734998703003,0.0013814211124554276,0.012685464695096016,0.0025950747076421976,0.018078407272696495,0.8576926589012146,0.1662503331899643
986,1,0.13333333333333333,0.0011590056819841266,0.0004982953541912138,0.00021888830815441906,0.41932955384254456,0.004120007157325745,0.007141489535570145,0.5675327777862549
987,0,0.0,0.0,0.0,0.0,0.0,0.0,0.0,0.0
988,0,0.0,0.0,0.0,0.0,0.0,0.0,0.0,0.0
989,0,0.0,0.0,0.0,0.0,0.0,0.0,0.0,0.0
990,0,0.0,0.0,0.0,0.0,0.0,0.0,0.0,0.0
991,1,0.11313657407407407,0.9804123640060425,0.00033155802520923316,0.0008976653916761279,3.261136953369714e-05,0.005238610785454512,0.0013966697733849287,0.011690421029925346
992,1,0.03675347222222222,0.0,0.0,0.0,0.0,0.0,0.0,0.0
993,1,0.0028587962962962963,0.0,0.0,0.0,0.0,0.0,0.0,0.0
994,0,0.0,0.0,0.0,0.0,0.0,0.0,0.0,0.0
995,1,0.04435763888888889,0.12255357950925827,0.0005496316007338464,0.0013905937084928155,0.1670016497373581,0.04441256448626518,0.1955866515636444,0.46850529313087463
996,1,0.03185185185185185,0.009031259454786777,0.00031113720615394413,0.0007396667497232556,0.0018658229382708669,0.02788502536714077,0.10327310115098953,0.8568939566612244
997,0,0.0,0.0,0.0,0.0,0.0,0.0,0.0,0.0
998,1,0.04224537037037037,0.03172487020492554,0.17323383688926697,0.019235076382756233,0.3939647674560547,0.11193757504224777,0.05235946178436279,0.21754443645477295
999,1,0.029363425925925925,0.009244994260370731,0.0017327661626040936,0.010527790524065495,0.6957861185073853,0.02252618968486786,0.25823405385017395,0.001948073273524642
